,index,Movie,P_Genre,S_Genre,T_Genre,Cluster_Id
0,0,stranger things,1,8,14,55
1,1,the boys,0,3,1,184
2,2,resident evil,0,15,8,23
3,3,the umbrella academy,0,5,2,2
4,4,ms. marvel,0,5,2,2
5,5,westworld,1,4,8,168
6,6,jurassic world dominion,0,5,8,8
7,7,minions: the rise of gru,11,5,2,12
8,8,doctor strange in the multiverse of madness,0,5,9,37
9,9,everything everywhere all at once,0,5,2,2
10,10,star trek: strange new worlds,0,5,8,8
11,11,the orville,4,2,1,169
12,12,obi-wan kenobi,0,5,8,8
13,13,severance,1,4,8,168
14,14,manifest,1,4,8,168
15,15,lightyear,11,0,4,9
16,16,thor: ragnarok,0,5,2,2
17,17,nope,12,4,8,11
18,18,spider-man: no way home,0,5,9,37
19,19,the sandman,1,8,14,55
20,20,the munsters,2,10,9,82
21,21,spiderhead,0,3,1,184
22,22,black mirror,1,4,8,168
23,23,the flash,0,5,1,39
24,24,the mandalorian,0,5,9,37
25,25,rocketry: the nambi effect,0,13,1,57
26,26,american horror story,1,15,8,42
27,27,"love, death & robots",11,16,0,7
28,28,doctor who,4,1,8,63
29,29,resident evil: welcome to raccoon city,0,15,8,23
30,30,solar opposites,11,2,8,52
31,31,crimes of the future,1,15,8,42
32,32,lost,4,1,9,13
33,33,jurassic park,0,5,8,8
34,34,rick and morty,11,5,2,12
35,35,morbius,0,5,14,18
36,36,the marvels,0,5,9,37
37,37,the undeclared war,1,9,13,6
38,38,avengers: endgame,0,5,1,39
39,39,dune: part one,0,5,1,39
40,40,halo,0,5,8,8
41,41,eternals,0,5,9,37
42,42,the x files,3,1,5,15
43,43,dark,3,1,5,15
44,44,star trek: discovery,0,5,1,39
45,45,ghostbusters: afterlife,4,2,9,38
46,46,dc league of super-pets,11,0,4,9
47,47,avatar: the way of water,0,5,8,8
48,48,interstellar,4,1,8,63
49,49,inception,0,5,8,8
50,50,invincible,11,0,4,9
51,51,free guy,0,5,2,2
52,52,the 100,1,4,8,168
53,53,black panther: wakanda forever,0,5,1,39
54,54,loki,0,5,9,37
55,55,black adam,0,8,8,1
56,56,the time traveler's wife,1,8,10,41
57,57,star wars: the clone wars,11,0,4,9
58,58,sonic the hedgehog 2,0,5,2,2
59,59,she-hulk: attorney at law,0,5,2,2
60,60,wandavision,0,2,1,85
61,61,arcane: league of legends,11,0,4,9
62,62,minions,11,5,2,12
63,63,avengers: infinity war,0,5,8,8
64,64,guardians of the galaxy,0,5,2,2
65,65,star trek: the next generation,0,5,8,8
66,66,the book of boba fett,0,5,8,8
67,67,star trek,0,5,8,8
68,68,the expanse,1,4,8,168
69,69,star wars,0,5,9,37
70,70,harley quinn,11,0,4,9
71,71,daredevil,0,3,1,184
72,72,don't look up,2,1,8,75
73,73,jurassic world,0,5,8,8
74,74,superman & lois,0,5,1,39
75,75,mad god,11,8,14,100
76,76,samaritan,0,1,9,81
77,77,independence day,0,5,8,8
78,78,moonfall,0,5,8,8
79,79,doctor strange,0,5,9,37
80,80,blade runner 2049,0,1,5,27
81,81,black widow,0,5,8,8
82,82,jurassic world: fallen kingdom,0,5,8,8
83,83,back to the future,4,2,8,178
84,84,avatar,0,5,9,37
85,85,diabolical,11,16,0,7
86,86,smallville,0,5,1,39
87,87,night sky,4,1,9,13
88,88,titans,0,5,3,56
89,89,star trek: picard,0,5,1,39
90,90,warehouse 13,1,4,8,168
91,91,tenet,0,9,13,40
92,92,the suicide squad,0,5,2,2
93,93,the adam project,0,5,2,2
94,94,see,0,1,8,5
95,95,captain marvel,0,5,8,8
96,96,shang-chi and the legend of the ten rings,0,5,9,37
97,97,mad max: fury road,0,5,8,8
98,98,arrow,0,5,3,56
99,99,hawkeye,0,5,3,56
100,100,shining girls,3,1,5,15
101,101,peacemaker,0,5,2,2
102,102,fringe,1,4,8,168
103,103,fear the walking dead,1,15,8,42
104,104,despicable me,11,5,2,12
105,105,agents of s.h.i.e.l.d.,0,5,1,39
106,106,star wars: episode i - the phantom menace,0,5,9,37
107,107,motherland: fort salem,1,8,8,70
108,108,hellboy,0,5,9,37
109,109,stargåte sg-1,0,5,1,39
110,110,spider-man: homecoming,0,5,8,8
111,111,guardians of the galaxy vol. 2,0,5,2,2
112,112,the mist,12,9,13,162
113,113,black panther,0,5,8,8
114,114,spider-man,0,5,8,8
115,115,overlord,0,15,8,23
116,116,the avengers,0,5,8,8
117,117,station eleven,4,1,9,13
118,118,the hunger games,0,5,8,8
119,119,person of interest,0,3,1,184
120,120,minority report,0,3,5,76
121,121,blade runner,0,1,8,5
122,122,paper girls,1,8,14,55
123,123,baymax!,11,16,0,7
124,124,suicide squad,0,5,9,37
125,126,iron man,0,5,8,8
126,127,star trek: deep space nine,0,5,1,39
127,128,what if...?,11,0,4,9
128,129,the prestige,1,4,8,168
129,130,prey,0,1,14,49
130,131,from,1,15,5,19
131,132,guardians of the galaxy vol. 3,0,5,2,2
132,133,deadpool,0,5,2,2
133,134,star wars: episode ix - the rise of skywalker,0,5,9,37
134,135,star trek: voyager,0,5,8,8
135,136,gotham,0,3,1,184
136,137,venom: let there be carnage,0,5,8,8
137,138,aquaman,0,5,9,37
138,139,star wars: episode iii - revenge of the sith,0,5,9,37
139,140,the lost world: jurassic park,0,5,8,8
140,141,arrival,1,4,8,168
141,142,zack snyder's justice league,0,5,9,37
142,143,the midwich cuckoos,1,15,5,19
143,144,ghostbusters,0,2,9,98
144,145,alien: covenant,12,9,13,162
145,146,"roswell, new mexico",1,11,8,33
146,147,ex machina,1,9,13,6
147,148,the thing,12,4,8,11
148,149,spider-man: into the spider-verse,11,0,4,9
149,150,futurama,11,5,2,12
150,151,annihilation,4,1,14,50
151,152,doom patrol,0,5,2,2
152,153,watchmen,0,1,5,27
153,154,star wars: rebels,11,0,4,9
154,155,the tomorrow war,0,5,1,39
155,157,aliens,0,5,8,8
156,158,the deadly mantis,8,15,8,110
157,159,divergent,0,5,5,29
158,160,spider-man: far from home,0,5,8,8
159,161,captain america: the first avenger,0,5,8,8
160,162,gravity falls,11,0,4,9
161,163,resident alien,2,1,5,113
162,164,eternal sunshine of the spotless mind,1,11,8,33
163,165,upload,2,4,8,106
164,166,supergirl,0,5,1,39
165,167,farzar,11,0,4,9
166,168,deadpool 2,0,5,2,2
167,169,rogue one,0,5,8,8
168,170,firefly,4,1,8,63
169,171,jessica jones,0,3,1,184
170,172,raised by wolves,1,8,8,70
171,173,the amazing spider-man,0,5,8,8
172,174,dune: part two,0,5,1,39
173,175,avengers: age of ultron,0,5,8,8
174,176,the fifth element,0,5,8,8
175,177,transformers,0,5,8,8
176,178,prometheus,4,4,8,120
177,179,the world's end,0,2,8,43
178,180,the stand,4,1,9,13
179,181,star wars: episode vi - return of the jedi,0,5,9,37
180,182,a quiet place part ii,1,15,8,42
181,183,idiocracy,4,2,8,178
182,185,the twilight zone,1,8,14,55
183,186,ad astra,4,1,5,80
184,187,the empire strikes back,0,5,9,37
185,188,legends of tomorrow,0,5,1,39
186,189,the last of us,0,5,1,39
187,190,misfits,2,1,9,32
188,191,the falcon and the winter soldier,0,5,1,39
189,192,snowpiercer,0,1,8,5
190,193,sonic the hedgehog,0,5,2,2
191,194,godzilla vs. kong,0,9,13,40
192,195,star wars: episode vii - the force awakens,0,5,8,8
193,196,boku no hîrô akademia,11,0,4,9
194,197,captain america: civil war,0,5,8,8
195,198,logan,0,1,8,5
196,199,alf,2,10,8,17
197,200,fantastic four,0,5,8,8
198,201,star wars: episode ii - attack of the clones,0,5,9,37
199,202,the meg,0,15,8,23
200,203,the fountain,1,4,10,54
201,204,donnie darko,1,4,8,168
202,205,jigeum uri hakgyoneun,0,1,9,81
203,206,edge of tomorrow,0,5,8,8
204,207,armageddon,0,5,8,8
205,208,despicable me 3,11,5,2,12
206,209,adventure time,11,0,4,9
207,210,underwater,0,15,8,23
208,211,ready player one,0,5,8,8
209,212,starship troopers,0,5,8,8
210,213,about time,2,1,9,32
211,214,the man in the high castle,1,9,13,6
212,216,a quiet place,1,15,8,42
213,217,quantum leap,0,5,1,39
214,218,ant-man and the wasp: quantumania,0,5,2,2
215,219,her,1,11,8,33
216,220,the martian,4,1,8,63
217,221,dune,0,5,8,8
218,222,blindspot,0,3,1,184
219,223,big hero 6,11,0,4,9
220,224,lost in space,4,1,11,137
221,225,despicable me 2,11,5,2,12
222,226,predator,0,5,14,18
223,227,x-men,0,5,8,8
224,228,the oa,1,8,5,31
225,229,altered carbon,0,1,8,5
226,230,star wars: episode viii - the last jedi,0,5,9,37
227,231,the amazing spider-man 2,0,5,8,8
228,232,solo: a star wars story,0,5,8,8
229,233,justice league,0,5,9,37
230,234,alias,0,1,5,27
231,235,firestarter,1,15,8,42
232,236,venom,0,5,8,8
233,237,lucy in the sky,1,11,8,33
234,238,oblivion,0,5,8,8
235,239,wonder woman,0,5,9,37
236,240,hagane no renkinjutsushi,11,0,4,9
237,241,heroes,1,8,8,70
238,242,alita: battle angel,0,5,8,8
239,243,battlestar galactica,0,5,1,39
240,244,ant-man,0,5,2,2
241,245,spider-man 3,0,5,8,8
242,246,robocop,0,3,8,77
243,247,one punch man: wanpanman,11,0,2,78
244,248,captain america: the winter soldier,0,5,8,8
245,250,enterprise,0,5,1,39
246,251,iron man three,0,5,8,8
247,252,aquaman and the lost kingdom,0,5,9,37
248,253,the hunger games: the ballad of songbirds and snakes,0,5,1,39
249,254,jurassic park iii,0,5,8,8
250,255,terminator: dark fate,0,5,8,8
251,256,iron man 2,0,5,8,8
252,257,v for vendetta,0,1,8,5
253,258,archive 81,1,15,5,19
254,259,stargirl,0,5,3,56
255,260,man of steel,0,5,8,8
256,261,legion,0,1,8,5
257,262,e.t. the extra-terrestrial,4,10,8,30
258,263,andor,0,5,1,39
259,264,secret headquarters,0,5,2,2
260,265,green lantern: beware my power,11,5,8,131
261,266,sense8,1,4,8,168
262,268,infinite,0,9,13,40
263,269,x-men: apocalypse,0,5,8,8
264,270,the incredible hulk,0,5,8,8
265,271,star trek: lower decks,11,0,4,9
266,272,kong: skull island,0,5,9,37
267,273,the spectacular spider-man,11,0,4,9
268,274,ant-man and the wasp,0,5,2,2
269,275,secret invasion,0,5,1,39
270,276,transformers: rise of the beasts,0,5,8,8
271,277,mad max,0,5,8,8
272,278,power rangers,0,5,9,37
273,279,army of the dead,0,3,14,24
274,280,x-men: days of future past,0,5,8,8
275,281,dragon ball z,11,0,4,9
276,282,brightburn,1,15,5,19
277,283,28 days later...,1,15,8,42
278,284,spider-man 2,0,5,8,8
279,286,regular show,11,0,4,9
280,287,war of the worlds,0,5,8,8
281,288,life,12,9,13,162
282,289,dredd,0,3,8,77
283,290,john carter,0,5,8,8
284,291,contact,1,4,8,168
285,292,strange world,11,0,4,9
286,293,eureka,4,2,1,169
287,294,el hoyo,12,9,13,162
288,295,batman: the animated series,11,0,4,9
289,296,the invisible man,1,15,5,19
290,297,world war z,0,5,14,18
291,298,2012,0,5,8,8
292,299,black clover,11,0,4,9
293,300,back to the future part ii,4,2,8,178
294,301,valerian and the city of a thousand planets,0,5,9,37
295,302,in time,0,9,13,40
296,303,wayward pines,1,4,8,168
297,304,event horizon,12,9,13,162
298,305,the new mutants,0,15,5,94
299,306,10 cloverfield lane,1,15,5,19
300,308,tron,0,5,8,8
301,309,under the skin,1,15,5,19
302,310,3rd rock from the sun,2,10,8,17
303,312,stargate: atlåntis,0,5,1,39
304,313,the hunger games: catching fire,0,5,1,39
305,314,star wars: the bad batch,11,0,4,9
306,315,untitled super mario project,11,5,2,12
307,316,men in black,0,5,2,2
308,317,independence day: resurgence,0,5,8,8
309,318,the maze runner,0,4,8,84
310,319,passengers,1,11,8,33
311,320,godzilla: king of the monsters,0,5,9,37
312,321,sky high,0,2,11,53
313,322,madame web,0,5,8,8
314,323,the predator,0,5,8,8
315,324,x: first class,0,5,8,8
316,325,superman,0,5,8,8
317,326,total recall,0,5,8,8
318,327,masters of the universe,0,5,9,37
319,328,mortal kombat,0,5,9,37
320,329,wall·e,11,5,11,58
321,330,the lobster,2,1,10,134
322,331,the nevers,0,1,9,81
323,332,blade,0,15,8,23
324,333,furiosa,0,5,8,8
325,335,upgrade,0,9,13,40
326,337,teenage mutant ninja turtles,0,5,2,2
327,338,travelers,1,4,8,168
328,339,i am groot,11,16,0,7
329,340,titane,1,15,8,42
330,341,star trek beyond,0,5,8,8
331,342,la brea,1,4,8,168
332,343,babylon 5,0,5,1,39
333,344,kaubôi bibappu,11,0,4,9
334,346,cowboy bebop,0,5,2,2
335,347,the mitchells vs the machines,11,5,2,12
336,348,inhumans,0,5,8,8
337,349,batman,0,5,2,2
338,350,vivarium,12,4,8,11
339,351,love and monsters,0,5,2,2
340,352,spaceballs,4,2,8,178
341,353,snake eyes: g.i. joe origins,0,5,3,56
342,354,batman v superman: dawn of justice,0,5,8,8
343,355,rollerball,0,9,15,96
344,356,escape room: tournament of champions,0,5,14,18
345,357,predestination,0,1,8,5
346,358,waterworld,0,5,8,8
347,359,galaxy quest,4,2,8,178
348,360,geostorm,0,9,13,40
349,361,transformers: the last knight,0,5,8,8
350,362,the butterfly effect,1,9,13,6
351,363,pacific rim,0,5,8,8
352,364,weird science,2,11,8,79
353,365,terminator genisys,0,5,8,8
354,366,a boy and his dog,2,1,8,75
355,367,battleship,0,5,8,8
356,368,gattaca,1,9,13,6
357,369,i am legend,0,1,8,5
358,370,jurassic world: camp cretaceous,11,0,4,9
359,371,incredibles 2,11,0,4,9
360,372,young justice,11,0,4,9
361,373,rebel moon,4,1,9,13
362,374,moon,1,4,8,168
363,375,they live,0,15,8,23
364,376,a cure for wellness,1,8,14,55
365,377,glitch,1,15,8,42
366,378,face/off,0,3,8,77
367,379,blasted,0,2,8,43
368,382,mortal engines,0,5,9,37
369,383,lilo & stitch,11,5,2,12
370,384,11.22.63,1,6,5,138
371,385,escape from new york,0,5,8,8
372,386,the fly,1,15,8,42
373,387,okja,0,5,1,39
374,388,the chronicles of riddick,0,5,8,8
375,389,green lantern,0,5,8,8
376,390,echo,0,5,3,56
377,391,invasion,1,8,8,70
378,392,children of men,0,1,8,5
379,393,reminiscence,5,11,8,128
380,394,mad max 2,0,5,8,8
381,395,x-men: the last stand,0,5,8,8
382,396,vesper,4,1,8,63
383,397,the legend of korra,11,0,4,9
384,398,inside job,11,2,9,135
385,399,batwoman,0,5,3,56
386,400,made for love,2,1,8,75
387,401,chaos walking,0,5,9,37
388,402,amphibia,11,0,4,9
389,403,lucy,0,9,13,40
390,404,sorry to bother you,2,1,9,32
391,405,alice in borderland,0,1,5,27
392,406,men in black: international,0,5,2,2
393,408,looper,0,1,8,5
394,409,escape room,0,5,14,18
395,410,vanilla sky,6,4,10,112
396,411,the purge,12,9,13,162
397,412,gravity,0,1,8,5
398,413,the time machine,0,5,8,8
399,414,spy kids,0,5,2,2
400,415,made in abyss,11,0,4,9
401,416,resident evil: apocalypse,0,15,8,23
402,417,dark angel,0,1,5,27
403,418,doom,0,15,8,23
404,419,resident evil: infinite darkness,11,0,14,35
405,420,sweet tooth,0,5,1,39
406,421,coherence,1,4,8,168
407,422,clifford the big red dog,11,5,2,12
408,423,dark phoenix,0,5,8,8
409,424,castle rock,1,8,14,55
410,425,what happened to monday,0,3,9,149
411,426,the last ship,0,1,8,5
412,427,twelve monkeys,5,9,13,26
413,428,the day after tomorrow,0,5,8,8
414,429,pitch black,0,15,8,23
415,430,stargate,0,5,8,8
416,431,star trek into darkness,0,5,8,8
417,432,finch,4,1,8,63
418,433,cloud atlas,1,4,8,168
419,434,planet of the apes,0,5,8,8
420,435,rampage,0,5,8,8
421,436,kraven the hunter,0,5,8,8
422,437,spider-man: across the spider-verse,11,0,4,9
423,438,agent carter,0,5,3,56
424,439,colossal,2,1,9,32
425,440,farscape,0,5,1,39
426,441,iron fist,0,5,3,56
427,442,glass,1,15,8,42
428,443,shin seiki evangerion,11,0,1,0
429,444,men in black 3,0,5,2,2
430,445,henry danger,0,2,11,53
431,446,bill & ted face the music,4,2,16,14
432,447,transformers: dark of the moon,0,5,8,8
433,448,super 8,0,4,8,84
434,449,the man from earth,1,8,5,31
435,450,timeless,0,5,1,39
436,451,cloverfield,0,15,8,23
437,453,the cloverfield paradox,0,15,8,23
438,454,the running man,0,9,13,40
439,455,wreck-it ralph,11,5,2,12
440,456,resident evil: retribution,0,15,8,23
441,457,deadpool 3,0,2,8,43
442,458,ryû to sobakasu no hime,11,5,1,122
443,459,never let me go,1,11,8,33
444,460,the cell,3,15,8,141
445,461,borderlands,0,5,2,2
446,462,under the dome,1,4,8,168
447,463,devs,1,4,8,168
448,465,the last man on earth,0,2,1,85
449,466,the dead don't die,2,8,14,44
450,467,robots,11,5,2,12
451,468,the prey: legend of karnoctus,0,9,13,40
452,469,x2,0,9,13,40
453,470,serenity,0,5,8,8
454,471,deep blue sea,0,5,8,8
455,472,knight rider,0,3,1,184
456,473,kôdo giasu - hangyaku no rurûshu: code geass - lelouch of the rebellion,11,0,1,0
457,474,alien resurrection,0,15,8,23
458,475,space jam: a new legacy,11,5,2,12
459,476,bienvenidos a edén,0,1,8,5
460,477,district 9,0,9,13,40
461,478,atlantis: the lost empire,11,0,4,9
462,481,bumblebee,0,5,8,8
463,482,godzilla,0,5,8,8
464,483,the faculty,12,4,8,11
465,484,alien³,0,15,8,23
466,485,lovecraft country,1,8,14,55
467,486,family matters,4,2,1,169
468,487,mr. nobody,1,8,10,41
469,488,the in between,1,11,8,33
470,489,tomorrowland,0,5,11,28
471,490,terminator salvation,0,5,8,8
472,491,logan's run,0,5,8,8
473,492,gintama,11,0,2,78
474,494,pokémon: detective pikachu,0,5,2,2
475,495,men in black ii,0,5,2,2
476,496,falling skies,0,5,1,39
477,497,blast from the past,2,1,10,134
478,499,signs,1,4,8,168
479,500,cube,1,15,5,19
480,501,i think we're alone now,1,4,8,168
481,502,bill & ted's excellent adventure,4,2,16,14
482,503,g.i. joe: the rise of cobra,0,5,8,8
483,504,i am not okay with this,2,1,9,32
484,505,avp: alien vs. predator,0,5,14,18
485,506,small soldiers,0,5,2,2
486,507,ender's game,0,5,8,8
487,508,transformers: age of extinction,0,5,8,8
488,509,source code,0,1,5,27
489,510,equilibrium,0,1,8,5
490,511,mighty morphin power rangers,0,5,11,28
491,512,dokutaa sutoon,11,0,4,9
492,513,death race,0,9,13,40
493,514,treasure planet,11,5,11,58
494,515,gwoemul,0,1,14,49
495,516,resident evil: the final chapter,0,15,8,23
496,517,luke cage,0,3,1,184
497,518,real steel,0,1,8,5
498,519,orphan black,1,9,13,6
499,520,insurgent,0,5,8,8
500,521,maniac,2,1,8,75
501,522,megamind,11,0,2,78
502,523,v,1,9,13,6
503,524,the last starfighter,0,5,8,8
504,525,ich bin dein mensch,2,1,10,134
505,526,ahsoka,0,5,1,39
506,527,elysium,0,1,8,5
507,528,earth girls are easy,2,7,10,126
508,529,riddick,0,5,8,8
509,530,sword art online,11,0,4,9
510,531,war for the planet of the apes,0,5,1,39
511,532,jumper,0,5,8,8
512,533,archive,1,4,8,168
513,534,the league of extraordinary gentlemen,0,5,9,37
514,535,mr. mercedes,3,1,5,15
515,536,ninjago,11,0,4,9
516,537,the rocketeer,0,5,11,28
517,538,barbarella,4,2,9,38
518,539,steven universe,11,16,0,7
519,540,dragon ball super: doragon bôru cho,11,0,4,9
520,541,freaks,1,4,8,168
521,542,cloudy with a chance of meatballs,11,5,2,12
522,543,manyeo,0,4,8,84
523,544,the eden theory,12,9,13,162
524,545,revolution,0,5,1,39
525,546,predators,0,5,8,8
526,547,"honey, i shrunk the kids",4,2,11,45
527,548,pixels,0,2,9,98
528,549,the thundermans,0,2,1,85
529,550,svart krabba,0,5,1,39
530,551,hellboy ii: the golden army,0,5,9,37
531,552,the lego movie,11,0,4,9
532,553,jupiter's legacy,0,5,1,39
533,554,explorers,4,2,11,45
534,555,deep impact,0,1,8,5
535,556,the abyss,4,1,5,80
536,557,counterpart,1,9,13,6
537,558,roswell,1,4,8,168
538,559,the hunger games: mockingjay - part 2,0,5,8,8
539,560,akira,11,0,1,0
540,561,allegiant,0,5,5,29
541,562,the return of the living dead,2,15,8,4
542,563,krull,0,5,9,37
543,564,phineas and ferb,11,16,0,7
544,565,g.i. joe: retaliation,0,5,8,8
545,566,12 monkeys,4,1,5,80
546,567,boss level,0,5,2,2
547,568,"i, robot",0,4,8,84
548,569,into the dark,1,8,14,55
549,570,ironheart,0,5,1,39
550,571,scooby-doo 2: monsters unleashed,4,2,11,45
551,572,species,0,15,8,23
552,573,the defenders,0,5,3,56
553,574,brave new world,1,9,13,6
554,575,samurai jack,11,0,4,9
555,576,the hitchhiker's guide to the galaxy,4,2,8,178
556,577,assassin's creed,0,5,8,8
557,578,resident evil: extinction,0,15,8,23
558,579,star trek: prodigy,11,0,4,9
559,580,dark city,6,4,8,3
560,581,dirk gently's holistic detective agency,0,5,2,2
561,582,ghost in the shell,0,3,1,184
562,583,teen titans,11,0,4,9
563,584,real genius,2,11,8,79
564,585,ralph breaks the internet,11,5,2,12
565,586,28 weeks later,0,5,14,18
566,587,high life,4,1,14,50
567,588,back to the future part iii,4,2,8,178
568,589,super mario bros.,4,2,11,45
569,591,superman returns,0,5,8,8
570,592,triangle,6,4,8,3
571,593,z nation,0,2,1,85
572,595,outlander,0,5,8,8
573,596,the hunger games: mockingjay - part 1,0,5,8,8
574,597,flash gordon,0,5,8,8
575,598,hollow man,0,15,8,23
576,599,lois & clark: the new adventures of superman,4,2,1,169
577,600,unbreakable,1,4,8,168
578,602,predator 2,0,15,8,23
579,603,steins;gate,11,2,1,99
580,604,the island,0,9,13,40
581,605,soylent green,3,4,8,47
582,606,attack,0,9,13,40
583,607,kol,3,15,5,186
584,608,dawn of the planet of the apes,0,5,1,39
585,609,rise of the planet of the apes,0,1,8,5
586,610,possessor,12,4,8,11
587,611,isle of dogs,11,5,2,12
588,612,dragon ball: doragon bôru,11,0,4,9
589,613,another life,4,1,5,80
590,614,teenage mutant ninja turtles: out of the shadows,0,5,2,2
591,615,the giver,1,11,8,33
592,616,the island of dr. moreau,12,9,13,162
593,617,close enough,11,0,4,9
594,618,torchwood,0,1,5,27
595,619,awake,0,5,1,39
596,621,the arrival,5,9,13,26
597,622,paul,4,2,8,178
598,623,home,11,5,2,12
599,624,demolition man,0,9,13,40
600,625,maze runner: the death cure,0,5,8,8
601,626,pandorum,0,15,5,94
602,627,the society,1,4,8,168
603,629,batman v superman: dawn of justice ultimate edition,0,5,8,8
604,630,journey 2: the mysterious island,0,5,2,2
605,632,mob psycho 100,11,0,2,78
606,633,wargames,0,1,8,5
607,634,chappie,0,3,1,184
608,635,dragonball evolution,0,5,9,37
609,636,transformers: revenge of the fallen,0,5,8,8
610,637,sharknado,0,5,2,2
611,638,m3gan,12,9,13,162
612,639,bolt,11,5,2,12
613,640,piranha 3dd,2,15,8,4
614,641,escape from l.a.,0,5,8,8
615,642,the guardians of the galaxy holiday special,0,5,2,2
616,643,yakusoku no neverland,11,0,4,9
617,644,ron's gone wrong,11,5,2,12
618,646,elemental,11,5,2,12
619,648,the lego batman movie,11,0,4,9
620,649,in the shadow of the moon,3,4,8,47
621,650,press play,14,11,8,36
622,651,blade ii,0,15,8,23
623,652,spriggan,11,0,4,9
624,653,runaways,0,1,8,5
625,654,buck rogers in the 25th century,0,5,8,8
626,655,space jam,11,5,2,12
627,656,hemlock grove,1,8,14,55
628,657,the gifted,0,1,9,81
629,658,the last of us: part ii,0,5,1,39
630,659,dark matter,4,1,5,80
631,660,into the night,1,9,13,6
632,661,voyagers,4,9,13,91
633,662,avpr: aliens vs predator - requiem,0,5,14,18
634,663,are you afraid of the dark?,1,8,14,55
635,664,planet terror,0,2,9,98
636,665,tides,0,5,8,8
637,666,the 4400,1,4,8,168
638,667,ancient aliens,7,8,6,69
639,668,get smart,0,5,2,2
640,669,journey to the center of the earth,0,5,11,28
641,670,short circuit,2,10,8,17
642,671,project power,0,3,8,77
643,672,lifeforce,0,15,5,94
644,674,push,0,9,13,40
645,675,captain america 4,0,5,8,8
646,676,wild wild west,0,2,8,43
647,677,chronicle,0,1,8,5
648,678,cocoon,2,1,8,75
649,679,pacific rim: uprising,0,5,8,8
650,680,bloodshot,0,5,8,8
651,681,utopia,1,4,8,168
652,682,in from the cold,0,3,1,184
653,683,innerspace,0,5,2,2
654,685,resident evil: afterlife,0,15,8,23
655,686,the rain,1,9,13,6
656,687,the silent sea,4,1,5,80
657,689,blue beetle,0,5,8,8
658,690,deja vu,0,3,8,77
659,692,jupiter ascending,0,5,8,8
660,693,colony,0,5,1,39
661,694,blade: trinity,0,15,8,23
662,695,moonraker,0,5,8,8
663,697,tank girl,0,2,8,43
664,698,mauseu,0,3,5,76
665,699,kung fury: the movie,0,2,3,93
666,700,electric dreams,2,1,16,117
667,701,the saint,0,5,10,127
668,702,the adventures of sharkboy and lavagirl 3-d,0,5,2,2
669,703,the outer limits,1,8,14,55
670,704,9,11,0,4,9
671,705,rise of the teenage mutant ninja turtles,11,0,4,9
672,706,meet the robinsons,11,5,2,12
673,707,ben 10,11,0,4,9
674,708,ghostbusters ii,0,2,9,98
675,709,robot chicken,11,16,4,10
676,710,pk,2,1,8,75
677,711,skinwalker ranch,12,4,8,11
678,712,horizon: forbidden west,0,5,5,29
679,713,the happening,4,9,13,91
680,714,boku dake ga inai machi,11,1,9,88
681,715,star wars: visions,11,0,4,9
682,716,mighty morphin power rangers: the movie,0,5,11,28
683,717,star trek ii: the wrath of khan,0,5,8,8
684,718,color out of space,12,4,8,11
685,719,it comes at night,1,15,5,19
686,720,the handmaid's tale,1,11,8,33
687,721,ducktales,11,0,4,9
688,722,the bad batch,0,15,5,94
689,723,superhero movie,0,2,8,43
690,725,knowing,0,4,8,84
691,726,marvel's guardians of the galaxy,0,5,2,2
692,727,underworld: awakening,0,8,14,144
693,728,thunder force,0,5,2,2
694,729,final space,11,0,4,9
695,730,mad max beyond thunderdome,0,5,8,8
696,731,maze runner: the scorch trials,0,5,8,8
697,732,future man,0,5,2,2
698,733,death stranding,0,5,1,39
699,734,the dark tower,0,5,9,37
700,735,level 16,1,9,13,6
701,736,the walking dead: world beyond,1,15,8,42
702,737,the endless,1,8,14,55
703,738,terminator: the sarah connor chronicles,0,1,9,81
704,739,haven,3,1,9,101
705,740,star wars jedi: fallen order,0,5,1,39
706,741,dollhouse,1,4,8,168
707,742,the electric state,0,5,1,39
708,743,spawn,11,0,4,9
709,744,ark: the animated series,11,0,4,9
710,745,maximum overdrive,0,2,14,95
711,746,the tick,0,5,2,2
712,747,æon flux,0,5,8,8
713,748,the day the earth stood still,4,1,8,63
714,749,sanctuary,0,1,9,81
715,750,the iron giant,11,0,4,9
716,751,the guardians of justice,11,0,4,9
717,752,superman ii,0,5,8,8
718,753,dark shadows,1,8,14,55
719,754,fallout,0,5,1,39
720,755,star trek: the motion picture,4,4,8,120
721,757,teen titans go!,11,16,0,7
722,758,time bandits,4,2,9,38
723,759,the adjustment bureau,9,9,13,87
724,760,howard the duck,0,5,2,2
725,761,the midnight sky,4,1,8,63
726,763,sliders,4,8,8,51
727,764,speed racer,0,5,2,2
728,765,leviathan,4,15,5,97
729,766,the 5th wave,0,5,8,8
730,767,the six million dollar man,0,3,1,184
731,768,transcendence,0,1,8,5
732,770,dinosaurs,2,10,9,82
733,772,black lightning,0,1,8,5
734,773,r.i.p.d.,0,5,2,2
735,775,i am number four,0,5,8,8
736,776,land of the lost,0,5,2,2
737,777,downsizing,1,8,8,70
738,778,space: 1999,4,1,8,63
739,779,forever,3,1,9,101
740,780,the protector,0,8,8,1
741,781,videodrome,12,9,13,162
742,782,she-ra and the princesses of power,11,0,4,9
743,783,4: rise of the silver surfer,0,5,9,37
744,784,chicken little,11,5,2,12
745,785,replicas,1,9,13,6
746,786,gemini man,0,5,8,8
747,787,heavy metal,11,5,9,74
748,788,daybreakers,0,15,8,23
749,789,daybreak,0,5,2,2
750,790,corrective measures,0,9,13,40
751,791,fire in the sky,10,1,9,140
752,792,the circle,1,9,13,6
753,793,detroit: become human,0,5,1,39
754,795,ansatsu kyôshitsu,11,0,2,78
755,797,threads,1,9,13,6
756,798,katla,1,4,8,168
757,799,apollo 10 1/2: a space age adventure,11,5,1,122
758,800,hidden,12,9,13,162
759,801,oxygène,1,8,8,70
760,802,cowboys & aliens,0,9,13,40
761,803,johnny mnemonic,0,1,8,5
762,805,spy kids 3: game over,0,5,2,2
763,806,injustice,11,0,4,9
764,807,the emoji movie,11,5,2,12
765,808,y: the last man,0,5,1,39
766,809,spidey and his amazing friends,11,0,4,9
767,810,i am mother,1,4,8,168
768,811,swamp thing,0,5,1,39
769,812,frankenstein,1,15,10,48
770,813,almost human,0,3,1,184
771,814,oats studios,13,15,8,59
772,815,kôkaku kidôtai,11,0,3,64
773,816,justice league unlimited,11,0,4,9
774,817,highlander,0,5,9,37
775,818,i origins,1,4,10,54
776,820,slither,2,15,8,4
777,821,surrogates,0,9,13,40
778,822,stowaway,4,9,13,91
779,823,the host,0,5,1,39
780,824,doomsday,0,9,13,40
781,825,moonshot,2,11,8,79
782,826,"batman: the long halloween, part one",11,0,3,64
783,827,scanners,12,9,13,162
784,828,the secret of nimh,11,5,1,122
785,829,extinction,0,1,8,5
786,830,the velocipastor,0,5,2,2
787,831,robocop 2,0,3,8,77
788,832,starcrash,0,5,8,8
789,833,jericho,0,1,5,27
790,834,untitled star trek sequel,0,5,5,29
791,835,sonic the hedgehog 3,11,0,4,9
792,836,in the tall grass,12,4,8,11
793,837,paradise hills,6,4,8,3
794,838,power rangers: dino fury,0,5,2,2
795,839,repo man,0,2,3,93
796,840,the nutty professor,2,11,8,79
797,841,limitless,2,3,1,71
798,842,the venture bros.,11,0,4,9
799,843,zoo,1,4,8,168
800,844,flight of the navigator,4,2,11,45
801,845,"dude, where's my car?",2,4,8,106
802,846,bubble boy,4,2,10,147
803,847,mute,5,9,13,26
804,848,the void,12,4,8,11
805,849,the lost world,4,8,8,51
806,850,star wars: clone wars,11,0,4,9
807,852,andromeda,0,5,1,39
808,853,solaris,1,4,8,168
809,854,to the lake,1,9,13,6
810,855,kyle xy,1,4,10,54
811,856,infinity train,11,0,4,9
812,857,after earth,0,5,8,8
813,858,the pretender,1,4,8,168
814,859,alligator,12,9,13,162
815,860,mickey7,4,1,8,63
816,861,strange days,3,1,8,114
817,862,demonic,1,15,8,42
818,863,zathura: a space adventure,0,5,2,2
819,864,bedtime stories,4,2,11,45
820,865,86,11,0,1,0
821,866,masters of the universe: revelation,11,0,4,9
822,867,re-animator,2,15,8,4
823,868,flatliners,1,15,5,19
824,869,wizards,11,5,9,74
825,870,pi,1,15,5,19
826,871,dark skies,12,9,13,162
827,872,primer,1,9,13,6
828,873,monsters vs. aliens,11,0,4,9
829,874,existenz,12,4,8,11
830,875,seaquest dsv,0,5,11,28
831,876,the batman,11,0,4,9
832,877,hardcore henry,0,5,8,8
833,878,mystery men,0,2,9,98
834,879,killer klowns from outer space,2,15,8,4
835,881,the signal,1,4,8,168
836,882,violet evergarden,11,1,9,88
837,883,3%,0,1,8,5
838,884,jason x,0,15,8,23
839,885,star trek: first contact,0,5,1,39
840,886,the blob,12,9,13,162
841,887,airwolf,0,5,8,8
842,888,species: the awakening,0,5,14,18
843,889,the i-land,4,1,5,80
844,890,zapped!,2,8,8,136
845,891,the silence,1,15,8,42
846,892,2010: the year we make contact,4,4,8,120
847,893,papurika,11,1,9,88
848,894,the rook,1,8,8,70
849,895,the purge: anarchy,0,15,8,23
850,896,the postman,0,5,1,39
851,897,kim possible,11,0,4,9
852,898,"shin seiki evangelion gekijô-ban: air/magokoro wo, kimi ni",11,0,1,0
853,899,cyberpunk 2077,0,3,1,184
854,900,stitchers,3,1,8,114
855,901,kaze no tani no naushika,11,5,8,131
856,902,beauty and the beast,1,15,10,48
857,903,meitantei conan,11,0,2,78
858,904,star trek vi: the undiscovered country,0,5,8,8
859,905,how it ends,0,1,5,27
860,906,ice age: collision course,11,5,2,12
861,907,frequency,3,1,5,15
862,909,a scanner darkly,11,2,3,115
863,910,max steel,0,5,9,37
864,911,morgan,0,15,8,23
865,912,earth vs. the flying saucers,0,15,8,23
866,913,superman iii,0,5,2,2
867,915,doragon bôru chô: burorî,11,0,4,9
868,916,the house with a clock in its walls,2,10,9,82
869,917,ultrasound,1,4,8,168
870,918,scoob!,11,5,2,12
871,919,cryo,5,9,13,26
872,920,piranha,2,15,8,4
873,921,thelma,1,8,14,55
874,922,timeline,0,5,8,8
875,923,teenage mutant ninja turtles ii: the secret of the ooze,0,5,2,2
876,924,dmz,0,5,1,39
877,925,battlefield earth,0,5,8,8
878,926,kiseijû: sei no kakuritsu,11,0,1,0
879,927,the lego movie 2: the second part,11,0,4,9
880,928,gamer,0,9,13,40
881,929,battle: los angeles,0,5,8,8
882,930,critters,2,15,8,4
883,931,artemis fowl,4,10,9,92
884,932,the adventures of buckaroo banzai across the 8th dimension,4,2,8,178
885,933,self/less,0,4,8,84
886,934,ninjago: masters of spinjitzu,11,0,4,9
887,935,mother/android,1,9,13,6
888,937,judge dredd,0,3,8,77
889,938,the dead zone,1,15,8,42
890,939,defiance,0,1,8,5
891,940,sweetheart,4,15,8,34
892,941,him-ssen yeo-ja do bong-soon,2,3,1,71
893,942,penguins of madagascar,11,5,2,12
894,943,the midnight gospel,11,5,2,12
895,944,killjoys,0,5,8,8
896,945,star vs. the forces of evil,11,16,0,7
897,946,synchronic,3,1,14,123
898,947,city of ember,4,10,9,92
899,948,knights of the zodiac,0,5,1,39
900,949,project blue book,1,4,8,168
901,950,the war of the worlds,0,9,13,40
902,951,spider-man: miles morales,0,5,9,37
903,952,priest,0,5,9,37
904,953,monsters,4,1,10,132
905,954,child's play,1,15,8,42
906,955,zombie strippers!,2,15,8,4
907,956,ultimate spider-man,11,0,4,9
908,958,here come the munsters,2,15,8,4
909,959,continuum,0,9,13,40
910,960,the wraith,0,15,10,160
911,961,circle,1,15,5,19
912,962,naomi,0,5,1,39
913,963,batman: under the red hood,11,0,3,64
914,964,k-pax,1,4,8,168
915,965,the manchurian candidate,1,4,8,168
916,966,spies in disguise,11,0,4,9
917,967,criminal,0,9,13,40
918,968,calls,11,1,14,133
919,969,superman iv: the quest for peace,0,5,8,8
920,970,anon,3,9,13,151
921,971,cloudy with a chance of meatballs 2,11,5,2,12
922,972,zardoz,4,8,8,51
923,973,yakamoz s-245,0,5,1,39
924,974,invasion of the body snatchers,1,15,8,42
925,975,king kong,4,15,8,34
926,976,the three-body problem,4,1,9,13
927,977,swan song,1,11,8,33
928,978,songbird,1,9,13,6
929,979,darkman,0,9,13,40
930,980,chip 'n dale: rescue rangers,11,0,4,9
931,981,next,0,9,13,40
932,982,adventures of superman,0,5,3,56
933,983,the fourth kind,12,4,8,11
934,985,ben 10: ultimate alien,11,0,4,9
935,986,terra nova,4,1,5,80
936,987,metal gear solid,0,5,8,8
937,988,star trek iv: the voyage home,0,5,2,2
938,989,the girl with all the gifts,0,5,1,39
939,990,live die repeat and repeat,0,5,8,8
940,991,kaboom,2,4,10,154
941,992,boku no hero academia: world heroes mission,11,0,4,9
942,994,q-force,11,0,4,9
943,995,species ii,0,15,8,23
944,996,the 6th day,0,4,8,84
945,997,the hot zone,1,6,8,142
946,998,assassin's creed valhalla,0,5,9,37
947,1000,blade runner: black lotus,11,0,1,0
948,1001,venom 3,0,5,8,8
949,1003,erufen rîto,11,0,1,0
950,1004,paycheck,0,4,8,84
951,1005,the darkest minds,0,5,1,39
952,1006,aliens in the attic,4,2,11,45
953,1007,the langoliers,12,4,8,11
954,1009,the core,0,5,8,8
955,1011,bicentennial man,2,1,8,75
956,1012,take shelter,1,9,13,6
957,1013,spy kids 2: island of lost dreams,0,5,2,2
958,1014,little fish,1,11,8,33
959,1015,la región salvaje,1,15,5,19
960,1016,star trek: nemesis,0,5,8,8
961,1017,captive state,0,15,8,23
962,1018,tmnt,11,0,4,9
963,1019,the rover,0,3,1,184
964,1020,the thirteenth floor,5,9,13,26
965,1021,death race 2000,0,2,8,43
966,1022,code 8,0,3,1,184
967,1023,black box,12,4,8,11
968,1024,a quiet place: day one,1,15,8,42
969,1025,life on mars,3,1,5,15
970,1026,"20,000 leagues under the sea",4,1,11,137
971,1027,big hero 6: the series,11,0,4,9
972,1028,beforeigners,3,1,8,114
973,1029,lab rats,0,2,1,85
974,1030,untitled mad max project,0,5,8,8
975,1031,primeval,0,5,1,39
976,1032,chain reaction,0,1,8,5
977,1033,star wars: episode v - the empire strikes back: deleted scenes,13,0,1,68
978,1034,seeking a friend for the end of the world,4,2,1,169
979,1035,psycho-pass,11,0,3,64
980,1036,a wrinkle in time,4,10,9,92
981,1037,the purge: election year,0,15,8,23
982,1038,dreamcatcher,1,15,8,42
983,1039,ben 10: omniverse,11,0,4,9
984,1040,zvyozdniy razum,4,9,13,91
985,1041,zoom,0,5,2,2
986,1042,ben 10: alien force,11,0,4,9
987,1043,night gallery,1,8,14,55
988,1044,salvation,1,9,13,6
989,1045,repo! the genetic opera,12,7,8,109
990,1046,ghosts of mars,0,15,8,23
991,1047,another earth,1,11,8,33
992,1048,carriers,0,5,1,39
993,1049,elizabeth harvest,12,9,13,162
994,1050,cloak & dagger,0,5,1,39
995,1051,splinter,12,9,13,162
996,1052,shin gojira,0,1,14,49
997,1053,my favorite martian,2,10,8,17
998,1054,cell,0,5,14,18
999,1055,flashforward,1,4,8,168
1000,1056,vikram,0,5,8,8
1001,1057,just beyond,2,1,9,32
1002,1058,trollhunters,11,0,4,9
1003,1059,apex,0,9,13,40
1004,1060,perfect sense,1,11,8,33
1005,1061,deep rising,0,5,14,18
1006,1062,southland tales,2,1,5,113
1007,1063,iron sky,0,5,2,2
1008,1064,abre los ojos,1,4,8,168
1009,1065,the powerpuff girls,11,0,4,9
1010,1066,rim of the world,0,5,2,2
1011,1067,how i live now,0,5,1,39
1012,1069,land of the dead,12,9,13,162
1013,1070,the last days on mars,4,15,8,34
1014,1071,enemy mine,0,5,1,39
1015,1072,nuevo orden,3,1,8,114
1016,1073,captain underpants: the first epic movie,11,0,4,9
1017,1074,the vast of night,1,4,8,168
1018,1075,black mirror: bandersnatch,1,8,5,31
1019,1077,if i stay,1,8,16,125
1020,1078,solos,1,8,8,70
1021,1079,mr. peabody & sherman,11,5,2,12
1022,1080,rogue squadron,0,5,1,39
1023,1081,justice league dark: apokolips war,11,0,4,9
1024,1082,birds of prey,0,5,1,39
1025,1083,the jacket,1,8,5,31
1026,1085,mac and me,4,2,11,45
1027,1086,untitled taika waititi star wars film,0,5,9,37
1028,1087,altered states,12,9,13,162
1029,1088,the cave,4,15,8,34
1030,1089,army of the dead: lost vegas,11,0,3,64
1031,1090,2:22,1,4,10,54
1032,1091,mork & mindy,2,10,8,17
1033,1092,batman beyond,11,0,4,9
1034,1093,the relic,12,4,8,11
1035,1094,the one i love,2,1,9,32
1036,1095,in the earth,12,4,8,11
1037,1096,dr. who and the daleks,4,1,8,63
1038,1097,the toxic avenger,0,2,14,95
1039,1099,encounter,1,9,13,6
1040,1100,dark cloud,12,9,13,162
1041,1101,the double,2,1,5,113
1042,1102,outside the wire,0,5,9,37
1043,1103,pj masks,11,0,4,9
1044,1104,battle beyond the stars,0,5,8,8
1045,1106,thx 1138,1,9,13,6
1046,1107,batman: arkham knight,0,5,3,56
1047,1108,the andromeda strain,5,9,13,26
1048,1109,rwby,11,0,4,9
1049,1110,hit-monkey,11,0,4,9
1050,1111,voyage to the bottom of the sea,0,5,8,8
1051,1112,blood drive,0,5,2,2
1052,1113,v-wars,1,15,8,42
1053,1114,the curse of the were-rabbit,11,5,2,12
1054,1115,antiviral,12,4,8,11
1055,1116,volcano,0,1,8,5
1056,1118,over the moon,11,5,2,12
1057,1119,attack the block,0,5,2,2
1058,1120,flubber,2,10,8,17
1059,1121,gremlins 3,2,8,14,44
1060,1122,2046,1,11,8,33
1061,1123,village of the damned,12,9,13,162
1062,1124,spaceman,4,1,8,63
1063,1125,mortal kombat: annihilation,0,5,9,37
1064,1126,who am i - kein system ist sicher,3,1,5,15
1065,1128,prospect,4,1,8,63
1066,1129,star trek iii: the search for spock,0,5,8,8
1067,1130,horizon zero dawn,0,5,5,29
1068,1131,65,4,1,8,63
1069,1132,europa report,4,1,5,80
1070,1133,armor wars,0,5,1,39
1071,1134,the greatest american hero,4,2,8,178
1072,1135,das privileg,1,15,5,19
1073,1136,odd squad,0,5,2,2
1074,1137,osmosis jones,11,0,4,9
1075,1138,spectral,0,5,8,8
1076,1139,forever young,1,11,8,33
1077,1140,quarantine,12,9,13,162
1078,1141,bill & ted's bogus journey,4,2,9,38
1079,1142,away,1,11,8,33
1080,1143,the titan,1,4,10,54
1081,1145,spy kids 4: all the time in the world,0,5,2,2
1082,1146,the first purge,0,15,8,23
1083,1147,marvel studios: legends,13,0,9,116
1084,1148,these final hours,1,9,13,6
1085,1149,the lego ninjago movie,11,0,4,9
1086,1150,the prisoner,1,4,8,168
1087,1151,spring,12,11,8,108
1088,1152,the stepford wives,2,15,8,4
1089,1153,frankenhooker,2,15,8,4
1090,1154,jiu jitsu,0,9,13,40
1091,1155,star wars: resistance,11,0,4,9
1092,1156,maggie,1,15,8,42
1093,1157,inspector gadget,0,5,2,2
1094,1158,the boys from brazil,1,4,8,168
1095,1159,cherry 2000,0,5,2,2
1096,1160,sea fever,1,15,5,19
1097,1161,the sand,2,15,8,4
1098,1162,star trek: generations,0,5,5,29
1099,1164,buzz lightyear of star command,11,0,4,9
1100,1165,robocop 3,0,3,8,77
1101,1166,the space between us,1,11,8,33
1102,1167,split second,0,3,14,24
1103,1169,titan a.e.,11,0,4,9
1104,1170,living with yourself,2,1,8,75
1105,1171,night of the comet,2,15,8,4
1106,1172,disturbing behavior,12,4,8,11
1107,1173,cyborg,0,9,13,40
1108,1174,race to witch mountain,0,5,11,28
1109,1175,strawberry mansion,4,2,1,169
1110,1176,dragon ball z: doragon bôru zetto,11,0,4,9
1111,1177,adventure time: distant lands,11,0,4,9
1112,1178,virtuosity,0,3,8,77
1113,1179,supernova,12,9,13,162
1114,1180,stealth,0,5,8,8
1115,1181,monsters of man,0,9,13,40
1116,1182,tales of the jedi,11,16,0,7
1117,1183,junior,2,11,8,79
1118,1184,cargo,1,15,8,42
1119,1185,halloween iii: season of the witch,12,4,8,11
1120,1186,the one,0,9,13,40
1121,1187,star trek v: the final frontier,0,5,9,37
1122,1189,bad taste,2,15,8,4
1123,1190,fahrenheit 451,1,9,13,6
1124,1191,soldier,0,1,8,5
1125,1192,red planet,0,9,13,40
1126,1193,the last drive-in with joe bob briggs,2,8,14,44
1127,1194,marvel zombies,11,0,4,9
1128,1195,the stuff,2,15,8,4
1129,1196,cold skin,0,15,8,23
1130,1198,tribes of europa,0,5,1,39
1131,1199,starship troopers 2: hero of the federation,0,5,14,18
1132,1200,without warning,12,9,13,162
1133,1201,scoob!: holiday haunt,11,5,2,12
1134,1202,cooties,0,2,14,95
1135,1203,hotel artemis,0,3,1,184
1136,1204,the last son,0,5,3,56
1137,1205,monster trucks,0,5,2,2
1138,1206,the division,0,9,13,40
1139,1207,parallel,1,4,8,168
1140,1208,the final countdown,0,5,8,8
1141,1209,tengen toppa gurren lagann,11,0,4,9
1142,1210,left behind,0,8,8,1
1143,1211,serial experiments lain,11,1,14,133
1144,1212,the incal,4,2,3,103
1145,1213,people of earth,2,4,8,106
1146,1214,kôkaku kidôtai: stand alone complex,11,0,3,64
1147,1215,helix,1,15,5,19
1148,1216,the star wars holiday special,4,10,7,139
1149,1217,risen,1,9,13,6
1150,1218,darling in the franxx,11,0,1,0
1151,1219,the halfway house,1,8,5,31
1152,1220,dragon ball,11,0,4,9
1153,1221,lexx,0,5,2,2
1154,1222,quatermass and the pit,12,4,8,11
1155,1223,the new batman adventures,11,0,4,9
1156,1224,soulmates,1,11,8,33
1157,1225,the silencers,0,5,2,2
1158,1226,shin evangelion gekijôban,11,0,1,0
1159,1227,heroes reborn,1,8,8,70
1160,1228,dominion,0,1,9,81
1161,1229,beyond the black rainbow,12,9,13,162
1162,1230,catwoman: hunted,11,0,3,64
1163,1231,date a live,11,0,2,78
1164,1232,banana,11,16,2,111
1165,1233,trolljegeren,1,8,14,55
1166,1234,america: the motion picture,11,0,4,9
1167,1235,krypton,0,5,1,39
1168,1236,relic hunter,6,4,4,66
1169,1237,final fantasy vii remake,0,5,9,37
1170,1238,la cité des enfants perdus,1,8,8,70
1171,1239,surrealestate,1,8,5,31
1172,1240,the bionic woman,0,5,1,39
1173,1241,"the adventures of brisco county, jr.",0,5,2,2
1174,1242,happy death day 2u,2,15,5,150
1175,1243,october faction,4,1,9,13
1176,1244,the omega man,0,1,8,5
1177,1245,resident evil village,0,5,1,39
1178,1246,"batman: the long halloween, part two",11,0,3,64
1179,1247,minnal murali,0,5,2,2
1180,1248,escape plan 2: hades,0,3,5,76
1181,1249,parallels,4,8,5,72
1182,1250,children of dune,4,1,8,63
1183,1251,sphere,0,4,8,84
1184,1252,congo,0,5,5,29
1185,1253,untitled: the walking dead movie,1,15,8,42
1186,1254,superintelligence,0,2,10,158
1187,1255,stay alive,6,15,5,46
1188,1256,rangers of the new republic,0,5,1,39
1189,1257,truth seekers,2,1,9,32
1190,1258,caprica,0,1,8,5
1191,1259,breach,0,15,8,23
1192,1260,kiru ra kiru: kill la kill,11,0,2,78
1193,1261,sputnik,1,15,5,19
1194,1262,team darryl,13,2,8,62
1195,1263,lego star wars: the skywalker saga,0,5,2,2
1196,1264,seungriho,0,5,1,39
1197,1265,doom: annihilation,0,5,14,18
1198,1266,daleks' invasion earth 2150 a.d.,4,1,8,63
1199,1267,teenage mutant ninja turtles iii,0,5,2,2
1200,1269,somewhere between,1,4,8,168
1201,1270,i still see you,6,15,8,61
1202,1271,timecop,0,3,8,77
1203,1272,needle in a timestack,1,8,10,41
1204,1273,the jetsons,11,2,11,105
1205,1274,runaway,0,3,8,77
1206,1275,el ministerio del tiempo,0,5,2,2
1207,1276,what lies below,12,4,8,11
1208,1277,powerpuff,0,5,2,2
1209,1278,nightflyers,1,15,5,19
1210,1279,babylon a.d.,0,5,8,8
1211,1280,eight legged freaks,0,5,2,2
1212,1281,womb,1,11,8,33
1213,1282,voltron: legendary defender,11,0,4,9
1214,1283,zashchitniki,0,5,2,2
1215,1284,the acolyte,0,5,1,39
1216,1285,the divide,1,15,8,42
1217,1286,deep blue sea 3,0,15,8,23
1218,1287,garth marenghi's darkplace,2,8,14,44
1219,1288,galaxy of terror,0,5,14,18
1220,1289,the secret world of alex mack,2,1,11,73
1221,1290,the hungover games,4,2,9,38
1222,1291,star trek: insurrection,0,5,8,8
1223,1292,light of my life,1,9,13,6
1224,1293,outland,0,3,8,77
1225,1294,the x files: i want to believe,3,1,14,123
1226,1295,troglodyte,0,5,2,2
1227,1296,phenomenon,1,8,10,41
1228,1297,spacecamp,4,10,8,30
1229,1298,night of the creeps,2,15,8,4
1230,1299,skyline,0,9,13,40
1231,1300,fatman,0,5,2,2
1232,1301,"honey, i blew up the kid",4,2,11,45
1233,1302,avengers assemble,11,0,4,9
1234,1303,he-man and the masters of the universe,11,0,4,9
1235,1304,zenon: girl of the 21st century,4,2,11,45
1236,1305,hot tub time machine 2,2,4,8,106
1237,1306,millennium,3,1,14,123
1238,1308,little shop of horrors,2,15,7,143
1239,1309,kipo and the age of wonderbeasts,11,0,4,9
1240,1310,books of blood,1,15,5,19
1241,1311,justice league: the flashpoint paradox,11,0,4,9
1242,1312,the tomorrow people,0,1,8,5
1243,1313,"i, frankenstein",0,8,8,1
1244,1314,john dies at the end,2,8,14,44
1245,1315,danny phantom,11,0,4,9
1246,1316,*batteries not included,2,10,9,82
1247,1317,engage kiss,11,0,2,78
1248,1318,pandora,0,1,8,5
1249,1319,los cronocrímenes,5,9,13,26
1250,1320,avatar 3,0,5,9,37
1251,1322,double dragon,0,5,2,2
1252,1323,trigun,11,0,4,9
1253,1324,bloom,1,4,8,168
1254,1325,death race 2,0,3,8,77
1255,1326,legend of the white dragon,0,8,8,1
1256,1327,batman: death in the family,11,0,3,64
1257,1328,tremors: shrieker island,0,5,2,2
1258,1329,the selection,6,6,10,90
1259,1330,the darkest hour,0,5,14,18
1260,1331,the sarah jane adventures,0,5,1,39
1261,1332,amazing stories,0,5,1,39
1262,1333,fantastic voyage,4,10,8,30
1263,1334,fallout 4,0,5,8,8
1264,1335,the astronaut's wife,1,9,13,6
1265,1336,star trek: short treks,13,0,4,65
1266,1337,byeol-e-seo on geu-dae,2,1,9,32
1267,1338,sonic boom,11,16,0,7
1268,1340,mission to mars,4,9,13,91
1269,1341,psycho goreman,2,15,8,4
1270,1342,ashes to ashes,3,1,9,101
1271,1343,the discovery,1,11,8,33
1272,1344,the fantastic four,0,5,11,28
1273,1345,dexter's laboratory,11,16,4,10
1274,1346,the flintstones in viva rock vegas,2,10,10,130
1275,1348,the transformers: the movie,11,0,4,9
1276,1349,the tuxedo,0,2,8,43
1277,1350,jimmy neutron: boy genius,11,0,4,9
1278,1351,beowulf,0,5,9,37
1279,1352,shuumatsu no harem,11,1,10,148
1280,1353,teen titans go! to the movies,11,0,4,9
1281,1355,ghosted,2,3,14,107
1282,1357,astro boy,11,0,4,9
1283,1358,high-rise invasion,11,0,14,35
1284,1359,kairo,12,4,8,11
1285,1360,bride of frankenstein,1,15,8,42
1286,1361,liu lang di qiu,0,5,8,8
1287,1362,"batman: the dark knight returns, part 1",11,0,3,64
1288,1364,the peripheral,1,9,13,6
1289,1365,ginga eiyû densetsu,11,0,1,0
1290,1366,the lost room,0,8,5,157
1291,1367,hamster & gretel,11,0,4,9
1292,1368,blake's 7,4,1,8,63
1293,1369,limetown,3,4,8,47
1294,1370,the ghost busters,2,10,9,82
1295,1371,settlers,1,9,13,6
1296,1372,taken,1,4,8,168
1297,1373,tekken,0,3,1,184
1298,1374,starship troopers 3: marauder,0,5,8,8
1299,1375,the avengers: earth's mightiest heroes,11,0,4,9
1300,1376,jem and the holograms,4,1,11,137
1301,1378,final fantasy: the spirits within,11,0,4,9
1302,1379,from now,0,5,11,28
1303,1380,marvel's avengers,0,5,9,37
1304,1381,nowhere,2,1,8,75
1305,1382,no escape,0,1,8,5
1306,1383,highlander: endgame,0,5,9,37
1307,1384,the lazarus effect,12,4,8,11
1308,1385,friday the 13th: the series,6,15,5,46
1309,1387,skylines,0,5,8,8
1310,1388,god told me to,3,15,8,141
1311,1389,my super ex-girlfriend,2,11,8,79
1312,1390,frankenweenie,11,2,1,99
1313,1392,sutorîto faitâ ii gekijô-ban,11,0,4,9
1314,1393,next gen,11,0,4,9
1315,1394,await further instructions,12,4,8,11
1316,1395,midnight special,1,4,8,168
1317,1396,the last man,0,1,5,27
1318,1397,lockout,0,9,13,40
1319,1398,batman: mask of the phantasm,11,0,4,9
1320,1399,skeleton crew,0,5,8,8
1321,1400,don't let go,1,15,5,19
1322,1401,resident evil 7: biohazard,0,15,5,94
1323,1402,chopping mall,2,15,8,4
1324,1403,the passage,0,5,1,39
1325,1404,escape from pleasure planet,0,2,9,98
1326,1405,biohackers,1,9,13,6
1327,1406,24 hours to live,0,9,13,40
1328,1407,x-men '97,11,0,4,9
1329,1408,room 104,2,1,9,32
1330,1409,fallout: new vegas,0,5,8,8
1331,1410,multiplicity,2,11,8,79
1332,1412,supurigan,11,0,4,9
1333,1413,the last bus,4,2,1,169
1334,1414,robot & frank,2,3,1,71
1335,1416,ngo si seoi,0,5,2,2
1336,1417,totally spies!,11,0,4,9
1337,1418,the zero theorem,2,1,9,32
1338,1419,rocketman,2,10,8,17
1339,1420,captain america,0,5,8,8
1340,1421,muppets from space,4,2,11,45
1341,1422,io,4,1,8,63
1342,1423,kung fury,13,0,2,124
1343,1424,sigeuneol,3,1,9,101
1344,1425,offseason,1,8,14,55
1345,1426,command & conquer: red alert 3,0,9,12,159
1346,1427,batman: hush,11,0,4,9
1347,1428,brian and charles,13,2,8,62
1348,1429,sharknado 2: the second one,0,5,2,2
1349,1430,heavy metal 2000,11,0,4,9
1350,1431,anna,1,4,8,168
1351,1432,puppet master,6,15,8,61
1352,1433,g-force,11,0,4,9
1353,1434,equals,1,11,8,33
1354,1435,freaks of nature,2,15,8,4
1355,1436,sky captain and the world of tomorrow,0,5,5,29
1356,1437,the forgotten,1,4,8,168
1357,1438,victor frankenstein,1,15,8,42
1358,1439,upside down,1,8,10,41
1359,1440,agatha: house of harkness,0,5,2,2
1360,1441,mutant x,0,5,1,39
1361,1442,avanpost,0,9,13,40
1362,1443,the invaders,1,9,13,6
1363,1444,days gone,0,5,14,18
1364,1445,little monsters,2,15,8,4
1365,1446,ben 10: alien swarm,0,5,11,28
1366,1447,superboy,4,8,8,51
1367,1448,the munsters' revenge,2,3,11,102
1368,1449,uglies,0,5,1,39
1369,1450,mass effect,0,5,1,39
1370,1451,frogs,12,4,8,11
1371,1452,the neighbors,2,10,10,130
1372,1453,mystery science theater 3000: the return,2,1,14,89
1373,1454,ghost in the shell sac_2045,11,0,3,64
1374,1456,time lapse,12,9,13,162
1375,1458,gekijôban sword art online progressive hoshi naki yoru no aria,11,0,4,9
1376,1459,thundercats,11,0,4,9
1377,1460,sijipeuseu: the myth,0,1,9,81
1378,1461,the wonderful world of mickey mouse,11,16,4,10
1379,1462,fortnite,0,5,2,2
1380,1463,surface,4,1,5,80
1381,1464,s. darko,1,4,8,168
1382,1465,emergence,1,4,8,168
1383,1466,todd and the book of pure evil,2,15,8,4
1384,1467,the last days of american crime,0,3,1,184
1385,1468,braindead,2,1,14,89
1386,1469,tremors ii: aftershocks,0,2,14,95
1387,1470,planet 51,11,5,2,12
1388,1471,tron 3,0,5,8,8
1389,1472,resident evil: vendetta,11,0,4,9
1390,1473,gekijô-ban poketto monsutâ - myûtsû no gyakushû,11,0,4,9
1391,1474,the ufo incident,10,1,6,83
1392,1475,thunderbirds,0,5,2,2
1393,1476,return of the living dead: part ii,2,15,8,4
1394,1477,sonic prime,11,0,4,9
1395,1478,time trap,0,5,5,29
1396,1479,piranha part two: the spawning,12,9,13,162
1397,1482,star trek continues,0,5,8,8
1398,1483,escape to witch mountain,4,10,9,92
1399,1484,s1m0ne,2,1,8,75
1400,1485,z for zachariah,1,11,8,33
1401,1487,batman: arkham city,0,5,3,56
1402,1488,teenage mutant ninja turtles: the next chapter,11,0,4,9
1403,1489,earth: final conflict,0,1,5,27
1404,1490,dreamscape,0,5,14,18
1405,1491,xxx: state of the union,0,5,3,56
1406,1493,justice league dark,11,0,4,9
1407,1494,alphas,0,1,8,5
1408,1495,furya,0,5,8,8
1409,1496,asteroid,0,2,1,85
1410,1497,dragon ball kai: doragon bôru kai,11,0,4,9
1411,1498,saturn 3,4,15,8,34
1412,1499,batman: the brave and the bold,11,0,4,9
1413,1500,the man from earth: holocene,1,8,8,70
1414,1501,beyond skyline,0,5,8,8
1415,1502,lucky man,0,3,1,184
1416,1503,area 51,12,4,8,11
1417,1505,hell comes to frogtown,0,2,8,43
1418,1506,despicable me: minion mayhem 3d,11,16,4,10
1419,1507,the survivalist,0,9,13,40
1420,1508,kin,0,1,8,5
1421,1509,sharknado 4: the 4th awakens,0,5,2,2
1422,1510,double team,0,2,8,43
1423,1511,megalodon,0,5,14,18
1424,1512,jexi,2,11,8,79
1425,1513,repo men,0,9,13,40
1426,1514,pánico en el transiberiano,4,15,8,34
1427,1516,true love,1,11,8,33
1428,1517,codename: kids next door,11,0,4,9
1429,1518,ergo proxy,11,0,4,9
1430,1519,the last sharknado: it's about time,0,5,2,2
1431,1520,mass effect 2,0,5,1,39
1432,1521,honeymoon,1,8,14,55
1433,1522,highlander ii: the quickening,0,5,9,37
1434,1523,project almanac,1,4,8,168
1435,1524,"honey, we shrunk ourselves!",0,5,2,2
1436,1525,maanaadu,0,5,8,8
1437,1526,cowboy bebop: tengoku no tobira,11,0,3,64
1438,1527,the unhealer,0,15,8,23
1439,1528,banlieue 13,0,3,8,77
1440,1529,transformers prime,11,0,4,9
1441,1530,looker,1,9,13,6
1442,1531,the rage: carrie 2,1,15,8,42
1443,1532,power rangers ninja steel,0,5,1,39
1444,1533,dc super hero girls,11,0,4,9
1445,1534,sonic x,11,0,4,9
1446,1535,den blomstertid nu kommer,0,11,8,155
1447,1536,slave girls from beyond infinity,0,5,2,2
1448,1537,the time tunnel,0,5,8,8
1449,1538,day of the dead,0,1,14,49
1450,1539,phantoms,12,9,13,162
1451,1540,time after time,4,1,8,63
1452,1541,assassin's creed: origins,0,5,9,37
1453,1542,sharknado 5: global swarming,0,5,2,2
1454,1543,universal soldier: day of reckoning,0,15,5,94
1455,1544,metal gear solid v: the phantom pain,0,5,1,39
1456,1545,superman ii: the richard donner cut,0,5,10,127
1457,1546,assassin's creed iv: black flag,0,5,6,153
1458,1547,the mandela effect,1,9,13,6
1459,1548,mike tyson mysteries,11,5,2,12
1460,1550,debris,1,4,8,168
1461,1552,on the beach,1,11,8,33
1462,1553,blaze and the monster machines,11,0,4,9
1463,1554,the bay,12,9,13,162
1464,1555,pokémon journeys,11,5,2,12
1465,1556,redline,11,0,8,121
1466,1557,radius,1,15,5,19
1467,1558,koma,0,5,9,37
1468,1559,deadman wonderland,11,0,1,0
1469,1560,invader zim,11,0,4,9
1470,1561,future world,0,5,8,8
1471,1562,resident evil 2,0,15,8,23
1472,1563,mortal kombat 11,0,5,9,37
1473,1564,digimon: digital monsters,11,0,4,9
1474,1565,this island earth,12,4,8,11
1475,1566,creeped out,0,5,3,56
1476,1567,the magic school bus,11,5,2,12
1477,1568,childhood's end,1,9,13,6
1478,1569,m.o.d.o.k.,11,0,2,78
1479,1570,ultraman,11,0,4,9
1480,1571,the banana splits movie,0,2,14,95
1481,1572,the real ghost busters,11,0,2,78
1482,1573,toki o kakeru shôjo,11,5,2,12
1483,1574,memorîzu,11,9,13,161
1484,1575,a-x-l,0,5,1,39
1485,1576,clockstoppers,0,5,2,2
1486,1577,vanitas no carte,11,8,14,100
1487,1578,last resort,0,1,5,27
1488,1579,impulse,0,1,8,5
1489,1580,beyond belief: fact or fiction,5,14,9,119
1490,1581,vampire hunter d: bloodlust,11,0,1,0
1491,1582,"the adventures of jimmy neutron, boy genius",11,5,2,12
1492,1583,tin man,4,8,8,51
1493,1584,the ewok adventure,4,10,9,92
1494,1585,short circuit 2,2,1,11,73
1495,1586,le chant du loup,0,5,8,8
1496,1587,gog,1,15,10,48
1497,1588,the hidden,12,9,13,162
1498,1589,deepstar six,0,15,8,23
1499,1590,mysterious island,4,10,9,92
1500,1591,one step beyond,1,8,14,55
1501,1592,beneath the planet of the apes,0,5,8,8
1502,1594,black panther: origins,13,0,4,65
1503,1595,"tomorrow, when the war began",0,5,1,39
1504,1596,arq,0,9,13,40
1505,1597,smart house,2,1,11,73
1506,1598,body bags,2,15,8,4
1507,1599,riaru onigokko,0,1,9,81
1508,1600,black sheep,2,15,8,4
1509,1601,the tribe,1,11,8,33
1510,1602,the fly ii,1,15,8,42
1511,1603,biohazard 4,0,5,9,37
1512,1604,phil of the future,4,2,11,45
1513,1605,cabin fever,12,9,13,162
1514,1606,suburban commando,0,2,8,43
1515,1607,little einsteins,11,5,2,12
1516,1608,the librarian: the curse of the judas chalice,0,5,2,2
1517,1609,alone in the dark,0,15,8,23
1518,1610,owari no seraph,11,0,4,9
1519,1611,apollo 18,12,4,8,11
1520,1612,the listener,3,1,9,101
1521,1613,batman: caped crusader,11,0,4,9
1522,1614,linoleum,2,1,8,75
1523,1615,the imperfects,4,1,9,13
1524,1616,misfits of science,4,2,8,178
1525,1617,dragon ball gt: doragon bôru jîtî,11,0,4,9
1526,1618,"eerie, indiana",4,2,1,169
1527,1619,the philadelphia experiment,4,1,10,132
1528,1620,dr. brain,1,4,8,168
1529,1621,justice society: world war ii,11,0,4,9
1530,1622,the green hornet,0,5,3,56
1531,1623,spider-man: freshman year,11,0,4,9
1532,1625,buzz lightyear of star command: the adventure begins,11,0,4,9
1533,1626,gotham city sirens,0,5,2,2
1534,1627,the deep,11,0,4,9
1535,1628,cyberpunk: edgerunners,11,0,4,9
1536,1629,turbo kid,0,5,2,2
1537,1630,halo 4: forward unto dawn,0,9,13,40
1538,1631,tentacoli,0,5,2,2
1539,1632,beyond: two souls,0,5,1,39
1540,1633,how to talk to girls at parties,2,17,10,104
1541,1634,reboot,11,0,4,9
1542,1635,shin ultraman,0,5,1,39
1543,1636,kiss me deadly,3,12,5,60
1544,1637,jungle beat: the movie,11,5,2,12
1545,1638,kingsglaive: final fantasy xv,11,0,4,9
1546,1639,toraburu,11,0,2,78
1547,1640,space: above and beyond,0,5,1,39
1548,1641,dead heat,0,2,14,95
1549,1642,after the dark,1,8,8,70
1550,1643,control,0,5,14,18
1551,1644,starship troopers: traitor of mars,11,0,8,121
1552,1645,fainaru fantajî sebun adobento chirudoren,11,0,4,9
1553,1646,powers,0,3,1,184
1554,1648,static shock,11,0,4,9
1555,1649,sharknado 3: oh hell no!,0,5,2,2
1556,1650,pulse,12,9,13,162
1557,1651,charly,1,11,8,33
1558,1654,proxima,0,5,1,39
1559,1655,shining sex,1,9,13,6
1560,1656,life like,1,9,13,6
1561,1658,nemesis,0,9,13,40
1562,1659,mission: impossible,0,5,3,56
1563,1660,krypto the superdog,11,0,4,9
1564,1661,teen titans: the judas contract,11,0,4,9
1565,1662,iron sky: the coming race,0,5,2,2
1566,1663,prityazhenie,1,11,8,33
1567,1664,battle at big rock,13,0,4,65
1568,1665,the fury,12,9,13,162
1569,1666,the seed,2,15,8,4
1570,1667,slaughterhouse-five,2,1,8,75
1571,1668,assassin's creed: odyssey,0,5,9,37
1572,1669,the final cut,1,9,13,6
1573,1670,minecraft,0,5,11,28
1574,1671,the ray bradbury theater,1,8,14,55
1575,1672,tron: uprising,11,0,4,9
1576,1673,deadly friend,1,15,8,42
1577,1674,the hunger,1,8,14,55
1578,1675,in like flint,0,5,2,2
1579,1676,the man with two brains,2,11,8,79
1580,1677,batman: arkham asylum,0,5,3,56
1581,1678,the hitchhiker,1,15,5,19
1582,1679,halo: nightfall,0,5,5,29
1583,1680,the beach house,1,15,5,19
1584,1682,baby geniuses,2,3,11,102
1585,1683,ji qi zhi xue,0,9,13,40
1586,1684,blade: the series,0,1,9,81
1587,1685,gantz: o,11,0,1,0
1588,1686,äkta människor,1,9,13,6
1589,1687,terminator ii,0,5,9,37
1590,1688,steins;gate 0,11,1,5,146
1591,1689,"cube: ichido haittara, saigo",12,4,8,11
1592,1690,mindwarp,12,9,13,162
1593,1691,harmony,0,15,8,23
1594,1692,3below: tales of arcadia,11,0,4,9
1595,1693,dying light 2: stay human,0,5,14,18
1596,1694,the spine of night,11,0,4,9
1597,1695,"harvey birdman, attorney at law",11,2,8,52
1598,1697,sanyangeui sigan,0,3,1,184
1599,1699,r.l. stine's the haunting hour,0,5,2,2
1600,1700,jurassic world evolution 2,4,10,8,30
1601,1701,deep blue sea 2,0,15,8,23
1602,1702,no ordinary family,0,2,1,85
1603,1703,stake land,1,15,8,42
1604,1704,evangelion shin gekijôban: jo,11,0,1,0
1605,1705,team thor,13,2,9,145
1606,1706,my adventures with superman,11,0,4,9
1607,1707,made in abyss: fukaki tamashî no reimei,11,5,1,122
1608,1708,nutty professor ii: the klumps,2,11,8,79
1609,1709,justice league vs. teen titans,11,0,4,9
1610,1711,lost in austen,1,8,10,41
1611,1712,the dark side of the moon,0,15,5,94
1612,1713,seobok,0,9,13,40
1613,1714,heavy rain,3,1,5,15
1614,1715,vratar galaktiki,0,9,15,96
1615,1716,cocoon: the return,4,2,5,129
1616,1717,ice soldiers,0,9,13,40
1617,1718,autómata,0,1,8,5
1618,1719,tenshi no tamago,11,1,9,88
1619,1720,2-headed shark attack,0,5,2,2
1620,1721,hardware wars,0,2,8,43
1621,1722,star trek: renegades,0,5,8,8
1622,1723,mass effect: legendary edition,0,5,8,8
1623,1724,otomege sekai wa mob ni kibishii sekai desu,11,2,9,135
1624,1725,a pokol mélyén,12,9,13,162
1625,1726,generator rex,11,0,4,9
1626,1728,yôjû toshi,11,0,9,16
1627,1729,taylor swift: bad blood,13,8,16,86
1628,1730,rendezvous with rama,4,4,8,120
1629,1731,teen titans go! vs. teen titans,11,0,4,9
1630,1732,down,0,15,5,94
1631,1733,portal 2,4,2,8,178
1632,1734,ss-gb,0,1,8,5
1633,1735,lapsis,1,4,8,168
1634,1736,batman and harley quinn,11,0,4,9
1635,1737,small wonder,2,10,8,17
1636,1738,shorts,4,2,11,45
1637,1739,the adventures of bob & doug mckenzie: strange brew,2,3,8,152
1638,1740,something in the dirt,2,15,8,4
1639,1741,lilo & stitch: the series,11,0,4,9
1640,1742,"batman: the dark knight returns, part 2",11,0,3,64
1641,1743,the ice pirates,0,5,2,2
1642,1744,kamisama no iu tôri,4,15,8,34
1643,1745,ewoks: the battle for endor,4,10,9,92
1644,1746,666 park avenue,1,8,14,55
1645,1747,clone high,11,2,8,52
1646,1748,dinotopia,4,10,9,92
1647,1749,chosen,1,4,8,168
1648,1750,hostile,1,15,8,42
1649,1752,multiversus,0,8,8,1
1650,1753,ben 10: race against time,0,5,11,28
1651,1754,the colony,0,9,13,40
1652,1755,power rangers s.p.d.,0,5,8,8
1653,1756,alien,12,9,13,162
1654,1757,star wars: the force unleashed,0,5,9,37
1655,1758,destiny 2,0,5,9,37
1656,1759,link click,11,0,9,16
1657,1760,tremors 3: back to perfection,0,2,14,95
1658,1761,fortress,0,3,8,77
1659,1762,samâ uôzu,11,0,4,9
1660,1763,lake placid: the final chapter,0,5,2,2
1661,1764,lake placid 3,0,5,2,2
1662,1766,modern problems,2,8,8,136
1663,1767,teen titans go! & dc super hero girls: mayhem in the multiverse,11,0,4,9
1664,1768,avengers: quantum encounter,13,0,2,124
1665,1769,the adventures of pluto nash,0,2,8,43
1666,1771,a trip to the moon,13,0,4,65
1667,1772,ghoul,1,8,14,55
1668,1773,class of 1999,0,15,8,23
1669,1774,shazam!,0,10,9,118
1670,1775,the callisto protocol,0,15,8,23
1671,1776,quarantine 2: terminal,12,9,13,162
1672,1777,viper,0,5,3,56
1673,1778,mortal kombat: conquest,0,5,9,37
1674,1779,mass effect 3,0,5,8,8
1675,1780,fateful findings,1,8,5,31
1676,1781,metal gear rising: revengeance,0,5,8,8
1677,1782,steel,0,5,3,56
1678,1783,jin-rô,11,0,1,0
1679,1785,first wave,4,1,5,80
1680,1786,thor: god of thunder,0,5,9,37
1681,1787,extant,1,9,13,6
1682,1788,mænd & høns,2,1,5,113
1683,1789,escape from tomorrow,1,8,14,55
1684,1790,extraterrestrial,0,15,5,94
1685,1791,leprechaun 4: in space,2,8,14,44
1686,1792,x,12,9,13,162
1687,1793,star-crossed,1,11,8,33
1688,1794,unbreakable kimmy schmidt: kimmy vs the reverend,4,2,5,129
1689,1795,aquarium of the dead,0,2,14,95
1690,1796,freejack,0,3,8,77
1691,1797,godsend,0,1,9,81
1692,1798,flcl,11,0,2,78
1693,1799,i'm ok,4,1,8,63
1694,1800,the event,3,1,5,15
1695,1801,robot jox,0,9,13,40
1696,1802,koi wa sekai seifuku no ato de,11,0,2,78
1697,1803,il ragazzo invisibile,0,5,2,2
1698,1804,batman: assault on arkham,11,0,4,9
1699,1805,gantz,11,0,1,0
1700,1806,screamers,12,9,13,162
