0,Thor: Love and Thunder,Action,Adventure,Comedy
1,Stranger Things,Drama,Fantasy,Horror
2,The Boys,Action,Crime,Drama
3,Resident Evil,Action,Horror,Sci-Fi
4,The Umbrella Academy,Action,Adventure,Comedy
5,Ms. Marvel,Action,Adventure,Comedy
6,Westworld,Drama,Mystery,Sci-Fi
7,Jurassic World Dominion,Action,Adventure,Sci-Fi
8,Minions: The Rise of Gru,Animation,Adventure,Comedy
9,Doctor Strange in the Multiverse of Madness,Action,Adventure,Fantasy
10,Everything Everywhere All at Once,Action,Adventure,Comedy
11,Star Trek: Strange New Worlds,Action,Adventure,Sci-Fi
12,The Orville,Adventure,Comedy,Drama
13,Obi-Wan Kenobi,Action,Adventure,Sci-Fi
14,Severance,Drama,Mystery,Sci-Fi
15,Manifest,Drama,Mystery,Sci-Fi
16,Lightyear,Animation,Action,Adventure
17,Thor: Ragnarok,Action,Adventure,Comedy
19,Nope,Horror,Mystery,Sci-Fi
20,Spider-Man: No Way Home,Action,Adventure,Fantasy
21,The Sandman,Drama,Fantasy,Horror
22,The Munsters,Comedy,Family,Fantasy
23,Spiderhead,Action,Crime,Drama
25,Black Mirror,Drama,Mystery,Sci-Fi
26,The Flash,Action,Adventure,Drama
27,The Mandalorian,Action,Adventure,Fantasy
28,Rocketry: The Nambi Effect,Action,Biography,Drama
29,American Horror Story,Drama,Horror,Sci-Fi
30,"Love, Death & Robots",Animation,Short,Action
32,Doctor Who,Adventure,Drama,Sci-Fi
33,Resident Evil: Welcome to Raccoon City,Action,Horror,Sci-Fi
34,Solar Opposites,Animation,Comedy,Sci-Fi
35,Crimes of the Future,Drama,Horror,Sci-Fi
36,Lost,Adventure,Drama,Fantasy
37,Jurassic Park,Action,Adventure,Sci-Fi
38,Rick and Morty,Animation,Adventure,Comedy
39,Morbius,Action,Adventure,Horror
40,The Marvels,Action,Adventure,Fantasy
41,The Undeclared War,Drama,Sci-Fi,Thriller
42,Avengers: Endgame,Action,Adventure,Drama
43,Dune: Part One,Action,Adventure,Drama
44,Halo,Action,Adventure,Sci-Fi
45,Eternals,Action,Adventure,Fantasy
46,The X Files,Crime,Drama,Mystery
47,Dark,Crime,Drama,Mystery
48,Star Trek: Discovery,Action,Adventure,Drama
49,Ghostbusters: Afterlife,Adventure,Comedy,Fantasy
0,DC League of Super-Pets,Animation,Action,Adventure
1,Avatar: The Way of Water,Action,Adventure,Sci-Fi
2,Interstellar,Adventure,Drama,Sci-Fi
3,Inception,Action,Adventure,Sci-Fi
4,Invincible,Animation,Action,Adventure
5,Free Guy,Action,Adventure,Comedy
6,The 100,Drama,Mystery,Sci-Fi
7,Black Panther: Wakanda Forever,Action,Adventure,Drama
8,Loki,Action,Adventure,Fantasy
9,Black Adam,Action,Fantasy,Sci-Fi
10,The Time Traveler's Wife,Drama,Fantasy,Romance
11,Star Wars: The Clone Wars,Animation,Action,Adventure
12,Sonic the Hedgehog 2,Action,Adventure,Comedy
13,She-Hulk: Attorney at Law,Action,Adventure,Comedy
14,WandaVision,Action,Comedy,Drama
15,Arcane: League of Legends,Animation,Action,Adventure
16,Minions,Animation,Adventure,Comedy
17,Avengers: Infinity War,Action,Adventure,Sci-Fi
18,Guardians of the Galaxy,Action,Adventure,Comedy
19,Star Trek: The Next Generation,Action,Adventure,Sci-Fi
20,The Book of Boba Fett,Action,Adventure,Sci-Fi
21,Star Trek,Action,Adventure,Sci-Fi
22,The Expanse,Drama,Mystery,Sci-Fi
23,Star Wars,Action,Adventure,Fantasy
24,Harley Quinn,Animation,Action,Adventure
25,Daredevil,Action,Crime,Drama
26,Don't Look Up,Comedy,Drama,Sci-Fi
27,Jurassic World,Action,Adventure,Sci-Fi
28,Superman & Lois,Action,Adventure,Drama
29,Mad God,Animation,Fantasy,Horror
30,Samaritan,Action,Drama,Fantasy
31,Independence Day,Action,Adventure,Sci-Fi
32,Moonfall,Action,Adventure,Sci-Fi
33,Doctor Strange,Action,Adventure,Fantasy
34,Blade Runner 2049,Action,Drama,Mystery
35,Black Widow,Action,Adventure,Sci-Fi
36,Jurassic World: Fallen Kingdom,Action,Adventure,Sci-Fi
37,Back to the Future,Adventure,Comedy,Sci-Fi
38,Avatar,Action,Adventure,Fantasy
39,Diabolical,Animation,Short,Action
40,Smallville,Action,Adventure,Drama
41,Night Sky,Adventure,Drama,Fantasy
42,Titans,Action,Adventure,Crime
43,Star Trek: Picard,Action,Adventure,Drama
44,Warehouse 13,Drama,Mystery,Sci-Fi
45,Tenet,Action,Sci-Fi,Thriller
46,The Suicide Squad,Action,Adventure,Comedy
47,The Adam Project,Action,Adventure,Comedy
48,See,Action,Drama,Sci-Fi
49,Captain Marvel,Action,Adventure,Sci-Fi
0,Shang-Chi and the Legend of the Ten Rings,Action,Adventure,Fantasy
1,Mad Max: Fury Road,Action,Adventure,Sci-Fi
2,Arrow,Action,Adventure,Crime
3,Hawkeye,Action,Adventure,Crime
4,Shining Girls,Crime,Drama,Mystery
5,Peacemaker,Action,Adventure,Comedy
6,Fringe,Drama,Mystery,Sci-Fi
7,Fear the Walking Dead,Drama,Horror,Sci-Fi
8,Despicable Me,Animation,Adventure,Comedy
9,Agents of S.H.I.E.L.D.,Action,Adventure,Drama
11,Star Wars: Episode I - The Phantom Menace,Action,Adventure,Fantasy
13,Motherland: Fort Salem,Drama,Fantasy,Sci-Fi
14,Hellboy,Action,Adventure,Fantasy
15,Stargåte SG-1,Action,Adventure,Drama
16,Spider-Man: Homecoming,Action,Adventure,Sci-Fi
17,Guardians of the Galaxy Vol. 2,Action,Adventure,Comedy
18,The Mist,Horror,Sci-Fi,Thriller
19,Black Panther,Action,Adventure,Sci-Fi
20,Spider-Man,Action,Adventure,Sci-Fi
21,Overlord,Action,Horror,Sci-Fi
23,The Avengers,Action,Adventure,Sci-Fi
24,Station Eleven,Adventure,Drama,Fantasy
25,The Hunger Games,Action,Adventure,Sci-Fi
26,Person of Interest,Action,Crime,Drama
27,Minority Report,Action,Crime,Mystery
28,Blade Runner,Action,Drama,Sci-Fi
29,Paper Girls,Drama,Fantasy,Horror
30,Baymax!,Animation,Short,Action
31,Suicide Squad,Action,Adventure,Fantasy
32,Resident Evil,Action,Horror,Sci-Fi
34,Iron Man,Action,Adventure,Sci-Fi
36,Star Trek: Deep Space Nine,Action,Adventure,Drama
37,What If...?,Animation,Action,Adventure
38,The Prestige,Drama,Mystery,Sci-Fi
39,Prey,Action,Drama,Horror
40,From,Drama,Horror,Mystery
41,Guardians of the Galaxy Vol. 3,Action,Adventure,Comedy
42,Deadpool,Action,Adventure,Comedy
43,Star Wars: Episode IX - The Rise of Skywalker,Action,Adventure,Fantasy
44,Star Trek: Voyager,Action,Adventure,Sci-Fi
45,Gotham,Action,Crime,Drama
47,Venom: Let There Be Carnage,Action,Adventure,Sci-Fi
48,Aquaman,Action,Adventure,Fantasy
49,Star Wars: Episode III - Revenge of the Sith,Action,Adventure,Fantasy
0,The Lost World: Jurassic Park,Action,Adventure,Sci-Fi
1,Arrival,Drama,Mystery,Sci-Fi
2,Zack Snyder's Justice League,Action,Adventure,Fantasy
3,The Midwich Cuckoos,Drama,Horror,Mystery
4,Ghostbusters,Action,Comedy,Fantasy
6,Alien: Covenant,Horror,Sci-Fi,Thriller
7,"Roswell, New Mexico",Drama,Romance,Sci-Fi
8,Ex Machina,Drama,Sci-Fi,Thriller
9,The Thing,Horror,Mystery,Sci-Fi
10,Spider-Man: Into the Spider-Verse,Animation,Action,Adventure
11,Futurama,Animation,Adventure,Comedy
12,Annihilation,Adventure,Drama,Horror
14,Doom Patrol,Action,Adventure,Comedy
15,Watchmen,Action,Drama,Mystery
16,Star Wars: Rebels,Animation,Action,Adventure
18,The Tomorrow War,Action,Adventure,Drama
19,Star Trek,Action,Adventure,Sci-Fi
20,Aliens,Action,Adventure,Sci-Fi
21,The Deadly Mantis,Family,Horror,Sci-Fi
22,Divergent,Action,Adventure,Mystery
23,Spider-Man: Far from Home,Action,Adventure,Sci-Fi
24,Captain America: The First Avenger,Action,Adventure,Sci-Fi
25,Gravity Falls,Animation,Action,Adventure
26,Resident Alien,Comedy,Drama,Mystery
27,Eternal Sunshine of the Spotless Mind,Drama,Romance,Sci-Fi
28,Upload,Comedy,Mystery,Sci-Fi
29,Supergirl,Action,Adventure,Drama
30,Farzar,Animation,Action,Adventure
31,Deadpool 2,Action,Adventure,Comedy
32,Rogue One,Action,Adventure,Sci-Fi
33,Firefly,Adventure,Drama,Sci-Fi
34,Jessica Jones,Action,Crime,Drama
35,Raised by Wolves,Drama,Fantasy,Sci-Fi
36,The Amazing Spider-Man,Action,Adventure,Sci-Fi
37,Dune: Part Two,Action,Adventure,Drama
38,Avengers: Age of Ultron,Action,Adventure,Sci-Fi
39,The Fifth Element,Action,Adventure,Sci-Fi
40,Transformers,Action,Adventure,Sci-Fi
41,Prometheus,Adventure,Mystery,Sci-Fi
43,The World's End,Action,Comedy,Sci-Fi
44,The Stand,Adventure,Drama,Fantasy
45,Star Wars: Episode VI - Return of the Jedi,Action,Adventure,Fantasy
46,A Quiet Place Part II,Drama,Horror,Sci-Fi
47,Idiocracy,Adventure,Comedy,Sci-Fi
48,Westworld,Action,Sci-Fi,Thriller
49,The Twilight Zone,Drama,Fantasy,Horror
0,Ad Astra,Adventure,Drama,Mystery
1,The Empire Strikes Back,Action,Adventure,Fantasy
2,Legends of Tomorrow,Action,Adventure,Drama
3,The Last of Us,Action,Adventure,Drama
4,Misfits,Comedy,Drama,Fantasy
5,The Falcon and the Winter Soldier,Action,Adventure,Drama
6,Snowpiercer,Action,Drama,Sci-Fi
7,Sonic the Hedgehog,Action,Adventure,Comedy
8,Godzilla vs. Kong,Action,Sci-Fi,Thriller
9,Star Wars: Episode VII - The Force Awakens,Action,Adventure,Sci-Fi
10,Boku no hîrô akademia,Animation,Action,Adventure
11,Captain America: Civil War,Action,Adventure,Sci-Fi
12,Logan,Action,Drama,Sci-Fi
13,ALF,Comedy,Family,Sci-Fi
14,Fantastic Four,Action,Adventure,Sci-Fi
15,Star Wars: Episode II - Attack of the Clones,Action,Adventure,Fantasy
16,The Meg,Action,Horror,Sci-Fi
17,The Fountain,Drama,Mystery,Romance
18,Donnie Darko,Drama,Mystery,Sci-Fi
19,Jigeum Uri Hakgyoneun,Action,Drama,Fantasy
20,Edge of Tomorrow,Action,Adventure,Sci-Fi
21,Armageddon,Action,Adventure,Sci-Fi
22,Despicable Me 3,Animation,Adventure,Comedy
23,Adventure Time,Animation,Action,Adventure
24,Underwater,Action,Horror,Sci-Fi
25,Ready Player One,Action,Adventure,Sci-Fi
26,Starship Troopers,Action,Adventure,Sci-Fi
28,About Time,Comedy,Drama,Fantasy
29,The Man in the High Castle,Drama,Sci-Fi,Thriller
30,The Flash,Action,Adventure,Fantasy
31,A Quiet Place,Drama,Horror,Sci-Fi
32,Quantum Leap,Action,Adventure,Drama
33,Ant-Man and the Wasp: Quantumania,Action,Adventure,Comedy
34,Her,Drama,Romance,Sci-Fi
35,The Martian,Adventure,Drama,Sci-Fi
36,Dune,Action,Adventure,Sci-Fi
37,Blindspot,Action,Crime,Drama
38,Big Hero 6,Animation,Action,Adventure
39,Lost in Space,Adventure,Drama,Family
40,Despicable Me 2,Animation,Adventure,Comedy
41,Predator,Action,Adventure,Horror
43,X-Men,Action,Adventure,Sci-Fi
44,The OA,Drama,Fantasy,Mystery
45,Altered Carbon,Action,Drama,Sci-Fi
46,Star Wars: Episode VIII - The Last Jedi,Action,Adventure,Fantasy
47,The Amazing Spider-Man 2,Action,Adventure,Sci-Fi
48,Solo: A Star Wars Story,Action,Adventure,Sci-Fi
49,Justice League,Action,Adventure,Fantasy
0,Alias,Action,Drama,Mystery
1,Firestarter,Drama,Horror,Sci-Fi
2,Venom,Action,Adventure,Sci-Fi
3,Lucy in the Sky,Drama,Romance,Sci-Fi
4,Oblivion,Action,Adventure,Sci-Fi
5,Wonder Woman,Action,Adventure,Fantasy
6,Hagane no renkinjutsushi,Animation,Action,Adventure
7,Heroes,Drama,Fantasy,Sci-Fi
8,Alita: Battle Angel,Action,Adventure,Sci-Fi
9,Battlestar Galactica,Action,Adventure,Drama
10,Ant-Man,Action,Adventure,Comedy
11,Spider-Man 3,Action,Adventure,Sci-Fi
12,RoboCop,Action,Crime,Sci-Fi
13,One Punch Man: Wanpanman,Animation,Action,Comedy
14,Captain America: The Winter Soldier,Action,Adventure,Sci-Fi
15,Snowpiercer,Action,Sci-Fi,Thriller
16,Enterprise,Action,Adventure,Drama
17,Iron Man Three,Action,Adventure,Sci-Fi
18,Aquaman and the Lost Kingdom,Action,Adventure,Fantasy
19,The Hunger Games: The Ballad of Songbirds and Snakes,Action,Adventure,Drama
20,Jurassic Park III,Action,Adventure,Sci-Fi
21,Terminator: Dark Fate,Action,Adventure,Sci-Fi
22,Iron Man 2,Action,Adventure,Sci-Fi
23,V for Vendetta,Action,Drama,Sci-Fi
24,Archive 81,Drama,Horror,Mystery
25,Stargirl,Action,Adventure,Crime
26,Man of Steel,Action,Adventure,Sci-Fi
27,Legion,Action,Drama,Sci-Fi
28,E.T. the Extra-Terrestrial,Adventure,Family,Sci-Fi
29,Andor,Action,Adventure,Drama
30,Secret Headquarters,Action,Adventure,Comedy
31,Green Lantern: Beware My Power,Animation,Adventure,Sci-Fi
32,Sense8,Drama,Mystery,Sci-Fi
33,Watchmen,Crime,Drama,Mystery
34,Infinite,Action,Sci-Fi,Thriller
35,X-Men: Apocalypse,Action,Adventure,Sci-Fi
36,The Incredible Hulk,Action,Adventure,Sci-Fi
37,Star Trek: Lower Decks,Animation,Action,Adventure
38,Kong: Skull Island,Action,Adventure,Fantasy
39,The Spectacular Spider-Man,Animation,Action,Adventure
40,Ant-Man and the Wasp,Action,Adventure,Comedy
41,Secret Invasion,Action,Adventure,Drama
42,Transformers: Rise of the Beasts,Action,Adventure,Sci-Fi
43,Mad Max,Action,Adventure,Sci-Fi
44,Power Rangers,Action,Adventure,Fantasy
45,Army of the Dead,Action,Crime,Horror
46,X-Men: Days of Future Past,Action,Adventure,Sci-Fi
47,Dragon Ball Z,Animation,Action,Adventure
48,Brightburn,Drama,Horror,Mystery
49,28 Days Later...,Drama,Horror,Sci-Fi
0,Spider-Man 2,Action,Adventure,Sci-Fi
1,Doctor Who,Adventure,Drama,Family
2,Regular Show,Animation,Action,Adventure
3,War of the Worlds,Action,Adventure,Sci-Fi
4,Life,Horror,Sci-Fi,Thriller
5,Dredd,Action,Crime,Sci-Fi
6,John Carter,Action,Adventure,Sci-Fi
7,Contact,Drama,Mystery,Sci-Fi
8,Strange World,Animation,Action,Adventure
9,Eureka,Adventure,Comedy,Drama
10,El hoyo,Horror,Sci-Fi,Thriller
11,Batman: The Animated Series,Animation,Action,Adventure
12,The Invisible Man,Drama,Horror,Mystery
14,World War Z,Action,Adventure,Horror
15,2012,Action,Adventure,Sci-Fi
16,Black Clover,Animation,Action,Adventure
17,Back to the Future Part II,Adventure,Comedy,Sci-Fi
18,Valerian and the City of a Thousand Planets,Action,Adventure,Fantasy
19,In Time,Action,Sci-Fi,Thriller
21,Wayward Pines,Drama,Mystery,Sci-Fi
22,Event Horizon,Horror,Sci-Fi,Thriller
23,The New Mutants,Action,Horror,Mystery
24,10 Cloverfield Lane,Drama,Horror,Mystery
25,Hellboy,Action,Adventure,Fantasy
26,TRON,Action,Adventure,Sci-Fi
27,Under the Skin,Drama,Horror,Mystery
28,3rd Rock from the Sun,Comedy,Family,Sci-Fi
29,Tron,Action,Adventure,Sci-Fi
30,Stargate: Atlåntis,Action,Adventure,Drama
31,The Hunger Games: Catching Fire,Action,Adventure,Drama
32,Star Wars: The Bad Batch,Animation,Action,Adventure
33,Untitled Super Mario Project,Animation,Adventure,Comedy
34,Men in Black,Action,Adventure,Comedy
35,Independence Day: Resurgence,Action,Adventure,Sci-Fi
36,The Maze Runner,Action,Mystery,Sci-Fi
37,Passengers,Drama,Romance,Sci-Fi
38,Godzilla: King of the Monsters,Action,Adventure,Fantasy
39,Sky High,Action,Comedy,Family
40,Madame Web,Action,Adventure,Sci-Fi
41,The Predator,Action,Adventure,Sci-Fi
42,X: First Class,Action,Adventure,Sci-Fi
43,Superman,Action,Adventure,Sci-Fi
44,Total Recall,Action,Adventure,Sci-Fi
45,Masters of the Universe,Action,Adventure,Fantasy
47,Mortal Kombat,Action,Adventure,Fantasy
48,WALL·E,Animation,Adventure,Family
49,The Lobster,Comedy,Drama,Romance
0,The Nevers,Action,Drama,Fantasy
1,Blade,Action,Horror,Sci-Fi
2,Furiosa,Action,Adventure,Sci-Fi
3,Fantastic Four,Action,Adventure,Sci-Fi
4,Upgrade,Action,Sci-Fi,Thriller
5,Overlord,Animation,Action,Adventure
6,Teenage Mutant Ninja Turtles,Action,Adventure,Comedy
7,Travelers,Drama,Mystery,Sci-Fi
8,I Am Groot,Animation,Short,Action
10,Titane,Drama,Horror,Sci-Fi
11,Star Trek Beyond,Action,Adventure,Sci-Fi
12,La Brea,Drama,Mystery,Sci-Fi
13,Babylon 5,Action,Adventure,Drama
14,Kaubôi bibappu,Animation,Action,Adventure
15,Fantastic Four,Action,Adventure,Fantasy
17,Cowboy Bebop,Action,Adventure,Comedy
18,The Mitchells vs the Machines,Animation,Adventure,Comedy
19,Inhumans,Action,Adventure,Sci-Fi
20,Batman,Action,Adventure,Comedy
21,Vivarium,Horror,Mystery,Sci-Fi
22,Love and Monsters,Action,Adventure,Comedy
23,Spaceballs,Adventure,Comedy,Sci-Fi
24,Snake Eyes: G.I. Joe Origins,Action,Adventure,Crime
25,Batman v Superman: Dawn of Justice,Action,Adventure,Sci-Fi
26,Rollerball,Action,Sci-Fi,Sport
27,Escape Room: Tournament of Champions,Action,Adventure,Horror
28,Predestination,Action,Drama,Sci-Fi
29,Waterworld,Action,Adventure,Sci-Fi
30,Galaxy Quest,Adventure,Comedy,Sci-Fi
31,Geostorm,Action,Sci-Fi,Thriller
32,Transformers: The Last Knight,Action,Adventure,Sci-Fi
33,The Butterfly Effect,Drama,Sci-Fi,Thriller
34,Pacific Rim,Action,Adventure,Sci-Fi
35,Weird Science,Comedy,Romance,Sci-Fi
36,Terminator Genisys,Action,Adventure,Sci-Fi
37,A Boy and His Dog,Comedy,Drama,Sci-Fi
38,Battleship,Action,Adventure,Sci-Fi
39,Gattaca,Drama,Sci-Fi,Thriller
41,I Am Legend,Action,Drama,Sci-Fi
42,Jurassic World: Camp Cretaceous,Animation,Action,Adventure
43,Incredibles 2,Animation,Action,Adventure
44,Young Justice,Animation,Action,Adventure
45,Rebel Moon,Adventure,Drama,Fantasy
46,Moon,Drama,Mystery,Sci-Fi
47,They Live,Action,Horror,Sci-Fi
48,A Cure for Wellness,Drama,Fantasy,Horror
49,Glitch,Drama,Horror,Sci-Fi
0,Face/Off,Action,Crime,Sci-Fi
1,Blasted,Action,Comedy,Sci-Fi
2,The Time Traveler's Wife,Comedy,Drama,Fantasy
3,Lost in Space,Adventure,Comedy,Family
4,Mortal Engines,Action,Adventure,Fantasy
5,Lilo & Stitch,Animation,Adventure,Comedy
6,11.22.63,Drama,History,Mystery
7,Escape from New York,Action,Adventure,Sci-Fi
8,The Fly,Drama,Horror,Sci-Fi
9,Okja,Action,Adventure,Drama
10,The Chronicles of Riddick,Action,Adventure,Sci-Fi
11,Green Lantern,Action,Adventure,Sci-Fi
12,Echo,Action,Adventure,Crime
13,Invasion,Drama,Fantasy,Sci-Fi
15,Children of Men,Action,Drama,Sci-Fi
16,Reminiscence,Mystery,Romance,Sci-Fi
17,Mad Max 2,Action,Adventure,Sci-Fi
18,X-Men: The Last Stand,Action,Adventure,Sci-Fi
19,Vesper,Adventure,Drama,Sci-Fi
20,The Legend of Korra,Animation,Action,Adventure
21,Inside Job,Animation,Comedy,Fantasy
22,Batwoman,Action,Adventure,Crime
23,Made for Love,Comedy,Drama,Sci-Fi
24,Chaos Walking,Action,Adventure,Fantasy
25,Amphibia,Animation,Action,Adventure
26,Lucy,Action,Sci-Fi,Thriller
27,Sorry to Bother You,Comedy,Drama,Fantasy
28,Alice in Borderland,Action,Drama,Mystery
29,Men in Black: International,Action,Adventure,Comedy
30,War of the Worlds,Drama,Mystery,Sci-Fi
31,Looper,Action,Drama,Sci-Fi
32,Escape Room,Action,Adventure,Horror
33,Vanilla Sky,Fantasy,Mystery,Romance
34,The Purge,Horror,Sci-Fi,Thriller
35,Gravity,Action,Drama,Sci-Fi
36,The Time Machine,Action,Adventure,Sci-Fi
37,Spy Kids,Action,Adventure,Comedy
38,Made in Abyss,Animation,Action,Adventure
39,Resident Evil: Apocalypse,Action,Horror,Sci-Fi
40,Dark Angel,Action,Drama,Mystery
41,Doom,Action,Horror,Sci-Fi
43,Resident Evil: Infinite Darkness,Animation,Action,Horror
44,Sweet Tooth,Action,Adventure,Drama
45,Coherence,Drama,Mystery,Sci-Fi
46,Clifford the Big Red Dog,Animation,Adventure,Comedy
47,Dark Phoenix,Action,Adventure,Sci-Fi
48,Castle Rock,Drama,Fantasy,Horror
49,What Happened to Monday,Action,Crime,Fantasy
0,The Last Ship,Action,Drama,Sci-Fi
1,Twelve Monkeys,Mystery,Sci-Fi,Thriller
3,The Day After Tomorrow,Action,Adventure,Sci-Fi
4,Pitch Black,Action,Horror,Sci-Fi
5,Stargate,Action,Adventure,Sci-Fi
6,Star Trek Into Darkness,Action,Adventure,Sci-Fi
7,Finch,Adventure,Drama,Sci-Fi
8,Cloud Atlas,Drama,Mystery,Sci-Fi
9,Planet of the Apes,Action,Adventure,Sci-Fi
11,Rampage,Action,Adventure,Sci-Fi
12,Kraven the Hunter,Action,Adventure,Sci-Fi
13,Spider-Man: Across the Spider-Verse,Animation,Action,Adventure
14,Agent Carter,Action,Adventure,Crime
15,Colossal,Comedy,Drama,Fantasy
16,Farscape,Action,Adventure,Drama
17,Iron Fist,Action,Adventure,Crime
18,Glass,Drama,Horror,Sci-Fi
19,Shin seiki evangerion,Animation,Action,Drama
20,Men in Black 3,Action,Adventure,Comedy
21,Henry Danger,Action,Comedy,Family
22,Bill & Ted Face the Music,Adventure,Comedy,Music
23,Transformers: Dark of the Moon,Action,Adventure,Sci-Fi
24,Super 8,Action,Mystery,Sci-Fi
25,The Man from Earth,Drama,Fantasy,Mystery
26,Timeless,Action,Adventure,Drama
27,Cloverfield,Action,Horror,Sci-Fi
29,Teenage Mutant Ninja Turtles,Animation,Action,Adventure
30,The Cloverfield Paradox,Action,Horror,Sci-Fi
31,The Running Man,Action,Sci-Fi,Thriller
32,Wreck-It Ralph,Animation,Adventure,Comedy
33,Resident Evil: Retribution,Action,Horror,Sci-Fi
34,Deadpool 3,Action,Comedy,Sci-Fi
35,Ryû to sobakasu no hime,Animation,Adventure,Drama
36,Never Let Me Go,Drama,Romance,Sci-Fi
37,The Cell,Crime,Horror,Sci-Fi
38,Borderlands,Action,Adventure,Comedy
39,Under the Dome,Drama,Mystery,Sci-Fi
40,Devs,Drama,Mystery,Sci-Fi
41,Teenage Mutant Ninja Turtles,Action,Adventure,Comedy
42,The Last Man on Earth,Action,Comedy,Drama
43,The Dead Don't Die,Comedy,Fantasy,Horror
44,Robots,Animation,Adventure,Comedy
45,THE PREY: Legend of Karnoctus,Action,Sci-Fi,Thriller
46,X2,Action,Sci-Fi,Thriller
47,Serenity,Action,Adventure,Sci-Fi
48,Deep Blue Sea,Action,Adventure,Sci-Fi
49,Knight Rider,Action,Crime,Drama
0,Kôdo giasu - Hangyaku no rurûshu: Code Geass - Lelouch of the Rebellion,Animation,Action,Drama
1,Alien Resurrection,Action,Horror,Sci-Fi
2,Space Jam: A New Legacy,Animation,Adventure,Comedy
3,Bienvenidos a Edén,Action,Drama,Sci-Fi
4,District 9,Action,Sci-Fi,Thriller
5,Atlantis: The Lost Empire,Animation,Action,Adventure
6,Ghostbusters,Action,Comedy,Fantasy
7,The Stand,Adventure,Drama,Fantasy
8,Bumblebee,Action,Adventure,Sci-Fi
9,Godzilla,Action,Adventure,Sci-Fi
10,The Faculty,Horror,Mystery,Sci-Fi
11,Alien³,Action,Horror,Sci-Fi
12,Lovecraft Country,Drama,Fantasy,Horror
14,Family Matters,Adventure,Comedy,Drama
15,Mr. Nobody,Drama,Fantasy,Romance
16,The In Between,Drama,Romance,Sci-Fi
17,Tomorrowland,Action,Adventure,Family
18,Terminator Salvation,Action,Adventure,Sci-Fi
19,Logan's Run,Action,Adventure,Sci-Fi
20,Gintama,Animation,Action,Comedy
21,The Twilight Zone,Drama,Fantasy,Horror
22,Pokémon: Detective Pikachu,Action,Adventure,Comedy
23,Men in Black II,Action,Adventure,Comedy
24,Falling Skies,Action,Adventure,Drama
25,Blast from the Past,Comedy,Drama,Romance
26,X-Men,Animation,Action,Family
27,Signs,Drama,Mystery,Sci-Fi
28,Cube,Drama,Horror,Mystery
30,I Think We're Alone Now,Drama,Mystery,Sci-Fi
31,Bill & Ted's Excellent Adventure,Adventure,Comedy,Music
33,G.I. Joe: The Rise of Cobra,Action,Adventure,Sci-Fi
34,I Am Not Okay with This,Comedy,Drama,Fantasy
35,AVP: Alien vs. Predator,Action,Adventure,Horror
36,Small Soldiers,Action,Adventure,Comedy
37,Ender's Game,Action,Adventure,Sci-Fi
38,Transformers: Age of Extinction,Action,Adventure,Sci-Fi
39,Source Code,Action,Drama,Mystery
40,Equilibrium,Action,Drama,Sci-Fi
41,Mighty Morphin Power Rangers,Action,Adventure,Family
42,Dokutaa Sutoon,Animation,Action,Adventure
43,Death Race,Action,Sci-Fi,Thriller
44,Treasure Planet,Animation,Adventure,Family
45,Gwoemul,Action,Drama,Horror
46,Resident Evil: The Final Chapter,Action,Horror,Sci-Fi
47,Luke Cage,Action,Crime,Drama
48,Real Steel,Action,Drama,Sci-Fi
0,Orphan Black,Drama,Sci-Fi,Thriller
1,Insurgent,Action,Adventure,Sci-Fi
2,Maniac,Comedy,Drama,Sci-Fi
3,Megamind,Animation,Action,Comedy
4,V,Drama,Sci-Fi,Thriller
5,The Last Starfighter,Action,Adventure,Sci-Fi
6,Ich bin dein Mensch,Comedy,Drama,Romance
8,Ahsoka,Action,Adventure,Drama
9,Elysium,Action,Drama,Sci-Fi
10,Earth Girls Are Easy,Comedy,Musical,Romance
11,Riddick,Action,Adventure,Sci-Fi
12,Sword Art Online,Animation,Action,Adventure
13,War for the Planet of the Apes,Action,Adventure,Drama
14,Jumper,Action,Adventure,Sci-Fi
15,Archive,Drama,Mystery,Sci-Fi
16,The League of Extraordinary Gentlemen,Action,Adventure,Fantasy
17,Mr. Mercedes,Crime,Drama,Mystery
18,Ninjago,Animation,Action,Adventure
19,The Rocketeer,Action,Adventure,Family
20,Barbarella,Adventure,Comedy,Fantasy
21,Steven Universe,Animation,Short,Action
22,Dragon Ball Super: Doragon bôru cho,Animation,Action,Adventure
23,Freaks,Drama,Mystery,Sci-Fi
24,Cloudy with a Chance of Meatballs,Animation,Adventure,Comedy
25,Manyeo,Action,Mystery,Sci-Fi
26,The Eden Theory,Horror,Sci-Fi,Thriller
27,Revolution,Action,Adventure,Drama
28,Predators,Action,Adventure,Sci-Fi
29,"Honey, I Shrunk the Kids",Adventure,Comedy,Family
30,Pixels,Action,Comedy,Fantasy
31,The Thundermans,Action,Comedy,Drama
32,Svart krabba,Action,Adventure,Drama
33,Hellboy II: The Golden Army,Action,Adventure,Fantasy
34,The Lego Movie,Animation,Action,Adventure
35,Jupiter's Legacy,Action,Adventure,Drama
36,Explorers,Adventure,Comedy,Family
37,Deep Impact,Action,Drama,Sci-Fi
38,The Abyss,Adventure,Drama,Mystery
39,Counterpart,Drama,Sci-Fi,Thriller
40,Roswell,Drama,Mystery,Sci-Fi
41,The Hunger Games: Mockingjay - Part 2,Action,Adventure,Sci-Fi
42,Akira,Animation,Action,Drama
43,Allegiant,Action,Adventure,Mystery
44,The Return of the Living Dead,Comedy,Horror,Sci-Fi
46,Krull,Action,Adventure,Fantasy
48,Phineas and Ferb,Animation,Short,Action
0,G.I. Joe: Retaliation,Action,Adventure,Sci-Fi
1,12 Monkeys,Adventure,Drama,Mystery
2,Boss Level,Action,Adventure,Comedy
3,"I, Robot",Action,Mystery,Sci-Fi
4,Into the Dark,Drama,Fantasy,Horror
5,Ironheart,Action,Adventure,Drama
6,Scooby-Doo 2: Monsters Unleashed,Adventure,Comedy,Family
7,Species,Action,Horror,Sci-Fi
8,The Defenders,Action,Adventure,Crime
9,Brave New World,Drama,Sci-Fi,Thriller
10,Samurai Jack,Animation,Action,Adventure
11,The Hitchhiker's Guide to the Galaxy,Adventure,Comedy,Sci-Fi
12,Assassin's Creed,Action,Adventure,Sci-Fi
13,Resident Evil: Extinction,Action,Horror,Sci-Fi
14,Star Trek: Prodigy,Animation,Action,Adventure
15,Dark City,Fantasy,Mystery,Sci-Fi
16,Dirk Gently's Holistic Detective Agency,Action,Adventure,Comedy
17,Ghost in the Shell,Action,Crime,Drama
18,Teen Titans,Animation,Action,Adventure
19,Real Genius,Comedy,Romance,Sci-Fi
20,Ralph Breaks the Internet,Animation,Adventure,Comedy
21,28 Weeks Later,Action,Adventure,Horror
22,High Life,Adventure,Drama,Horror
23,Back to the Future Part III,Adventure,Comedy,Sci-Fi
24,Super Mario Bros.,Adventure,Comedy,Family
25,Blade,Action,Adventure,Fantasy
26,Superman Returns,Action,Adventure,Sci-Fi
27,Triangle,Fantasy,Mystery,Sci-Fi
28,Z Nation,Action,Comedy,Drama
29,The Mist,Drama,Horror,Mystery
30,Outlander,Action,Adventure,Sci-Fi
31,The Hunger Games: Mockingjay - Part 1,Action,Adventure,Sci-Fi
33,Flash Gordon,Action,Adventure,Sci-Fi
34,Hollow Man,Action,Horror,Sci-Fi
35,Lois & Clark: The New Adventures of Superman,Adventure,Comedy,Drama
36,Unbreakable,Drama,Mystery,Sci-Fi
37,RoboCop,Action,Crime,Sci-Fi
38,Predator 2,Action,Horror,Sci-Fi
40,Steins;Gate,Animation,Comedy,Drama
41,The Island,Action,Sci-Fi,Thriller
42,Soylent Green,Crime,Mystery,Sci-Fi
43,Attack,Action,Sci-Fi,Thriller
44,Kol,Crime,Horror,Mystery
45,Dawn of the Planet of the Apes,Action,Adventure,Drama
46,Rise of the Planet of the Apes,Action,Drama,Sci-Fi
47,Possessor,Horror,Mystery,Sci-Fi
48,Isle of Dogs,Animation,Adventure,Comedy
49,Dragon Ball: Doragon bôru,Animation,Action,Adventure
0,Another Life,Adventure,Drama,Mystery
1,Teenage Mutant Ninja Turtles: Out of the Shadows,Action,Adventure,Comedy
2,The Giver,Drama,Romance,Sci-Fi
3,The Island of Dr. Moreau,Horror,Sci-Fi,Thriller
4,Close Enough,Animation,Action,Adventure
6,Torchwood,Action,Drama,Mystery
7,Awake,Action,Adventure,Drama
8,The Thing,Horror,Mystery,Sci-Fi
9,The Arrival,Mystery,Sci-Fi,Thriller
10,Paul,Adventure,Comedy,Sci-Fi
11,Home,Animation,Adventure,Comedy
12,Demolition Man,Action,Sci-Fi,Thriller
13,Maze Runner: The Death Cure,Action,Adventure,Sci-Fi
14,Pandorum,Action,Horror,Mystery
15,The Society,Drama,Mystery,Sci-Fi
16,Lilo & Stitch,Action,Adventure,Comedy
17,Batman v Superman: Dawn of Justice Ultimate Edition,Action,Adventure,Sci-Fi
18,Journey 2: The Mysterious Island,Action,Adventure,Comedy
19,Total Recall,Action,Adventure,Sci-Fi
20,Mob Psycho 100,Animation,Action,Comedy
22,WarGames,Action,Drama,Sci-Fi
23,Chappie,Action,Crime,Drama
24,Dragonball Evolution,Action,Adventure,Fantasy
26,Transformers: Revenge of the Fallen,Action,Adventure,Sci-Fi
27,Sharknado,Action,Adventure,Comedy
28,M3GAN,Horror,Sci-Fi,Thriller
29,Bolt,Animation,Adventure,Comedy
30,Piranha 3DD,Comedy,Horror,Sci-Fi
31,Escape from L.A.,Action,Adventure,Sci-Fi
32,The Guardians of the Galaxy Holiday Special,Action,Adventure,Comedy
33,Yakusoku no Neverland,Animation,Action,Adventure
34,Ron's Gone Wrong,Animation,Adventure,Comedy
35,The Sandman,Short,Drama,Fantasy
36,Elemental,Animation,Adventure,Comedy
37,Wonder Woman,Action,Adventure,Fantasy
38,The Lego Batman Movie,Animation,Action,Adventure
39,In the Shadow of the Moon,Crime,Mystery,Sci-Fi
41,Press Play,Music,Romance,Sci-Fi
42,Blade II,Action,Horror,Sci-Fi
43,Spriggan,Animation,Action,Adventure
44,Runaways,Action,Drama,Sci-Fi
45,Buck Rogers in the 25th Century,Action,Adventure,Sci-Fi
46,Space Jam,Animation,Adventure,Comedy
47,Hemlock Grove,Drama,Fantasy,Horror
48,The Gifted,Action,Drama,Fantasy
49,The Last of Us: Part II,Action,Adventure,Drama
0,Dark Matter,Adventure,Drama,Mystery
1,Into the Night,Drama,Sci-Fi,Thriller
2,Voyagers,Adventure,Sci-Fi,Thriller
3,AVPR: Aliens vs Predator - Requiem,Action,Adventure,Horror
4,Are You Afraid of the Dark?,Drama,Fantasy,Horror
6,Planet Terror,Action,Comedy,Fantasy
7,Tides,Action,Adventure,Sci-Fi
8,The 4400,Drama,Mystery,Sci-Fi
9,Ancient Aliens,Documentary,Fantasy,History
10,Get Smart,Action,Adventure,Comedy
11,Journey to the Center of the Earth,Action,Adventure,Family
12,Short Circuit,Comedy,Family,Sci-Fi
13,Project Power,Action,Crime,Sci-Fi
14,Lifeforce,Action,Horror,Mystery
15,Firestarter,Action,Horror,Sci-Fi
16,Push,Action,Sci-Fi,Thriller
17,Captain America 4,Action,Adventure,Sci-Fi
18,Wild Wild West,Action,Comedy,Sci-Fi
19,Chronicle,Action,Drama,Sci-Fi
20,Cocoon,Comedy,Drama,Sci-Fi
21,Pacific Rim: Uprising,Action,Adventure,Sci-Fi
22,Bloodshot,Action,Adventure,Sci-Fi
23,Utopia,Drama,Mystery,Sci-Fi
24,In from the Cold,Action,Crime,Drama
25,Innerspace,Action,Adventure,Comedy
26,The Incredible Hulk,Action,Adventure,Drama
27,Resident Evil: Afterlife,Action,Horror,Sci-Fi
28,The Rain,Drama,Sci-Fi,Thriller
29,The Silent Sea,Adventure,Drama,Mystery
30,Utopia,Action,Drama,Mystery
32,Blue Beetle,Action,Adventure,Sci-Fi
33,Deja Vu,Action,Crime,Sci-Fi
34,The Purge,Action,Drama,Horror
35,Jupiter Ascending,Action,Adventure,Sci-Fi
36,Colony,Action,Adventure,Drama
37,Blade: Trinity,Action,Horror,Sci-Fi
38,Moonraker,Action,Adventure,Sci-Fi
39,V,Action,Adventure,Sci-Fi
40,Tank Girl,Action,Comedy,Sci-Fi
41,Mauseu,Action,Crime,Mystery
43,Kung Fury: The Movie,Action,Comedy,Crime
44,Electric Dreams,Comedy,Drama,Music
45,The Saint,Action,Adventure,Romance
46,The Adventures of Sharkboy and Lavagirl 3-D,Action,Adventure,Comedy
47,The Outer Limits,Drama,Fantasy,Horror
48,9,Animation,Action,Adventure
49,Rise of the Teenage Mutant Ninja Turtles,Animation,Action,Adventure
0,Meet the Robinsons,Animation,Adventure,Comedy
1,Ben 10,Animation,Action,Adventure
2,Ghostbusters II,Action,Comedy,Fantasy
3,Robot Chicken,Animation,Short,Adventure
4,PK,Comedy,Drama,Sci-Fi
5,Skinwalker Ranch,Horror,Mystery,Sci-Fi
6,Horizon: Forbidden West,Action,Adventure,Mystery
7,The Happening,Adventure,Sci-Fi,Thriller
8,Boku dake ga inai machi,Animation,Drama,Fantasy
9,Star Wars: Visions,Animation,Action,Adventure
10,Mighty Morphin Power Rangers: The Movie,Action,Adventure,Family
11,Star Trek II: The Wrath of Khan,Action,Adventure,Sci-Fi
12,Color Out of Space,Horror,Mystery,Sci-Fi
13,It Comes at Night,Drama,Horror,Mystery
14,The Handmaid's Tale,Drama,Romance,Sci-Fi
15,DuckTales,Animation,Action,Adventure
16,The Bad Batch,Action,Horror,Mystery
17,Superhero Movie,Action,Comedy,Sci-Fi
18,The Avengers,Action,Comedy,Crime
19,Knowing,Action,Mystery,Sci-Fi
20,Marvel's Guardians of the Galaxy,Action,Adventure,Comedy
21,Underworld: Awakening,Action,Fantasy,Horror
22,Thunder Force,Action,Adventure,Comedy
23,Final Space,Animation,Action,Adventure
24,Mad Max Beyond Thunderdome,Action,Adventure,Sci-Fi
25,Maze Runner: The Scorch Trials,Action,Adventure,Sci-Fi
26,Future Man,Action,Adventure,Comedy
27,Death Stranding,Action,Adventure,Drama
28,The Dark Tower,Action,Adventure,Fantasy
29,Level 16,Drama,Sci-Fi,Thriller
31,The Walking Dead: World Beyond,Drama,Horror,Sci-Fi
32,The Endless,Drama,Fantasy,Horror
33,Terminator: The Sarah Connor Chronicles,Action,Drama,Fantasy
34,Haven,Crime,Drama,Fantasy
35,Star Wars Jedi: Fallen Order,Action,Adventure,Drama
36,Dollhouse,Drama,Mystery,Sci-Fi
37,The Electric State,Action,Adventure,Drama
38,Spawn,Animation,Action,Adventure
39,ARK: The Animated Series,Animation,Action,Adventure
40,Maximum Overdrive,Action,Comedy,Horror
41,The Tick,Action,Adventure,Comedy
42,Æon Flux,Action,Adventure,Sci-Fi
43,The Day the Earth Stood Still,Adventure,Drama,Sci-Fi
44,Sanctuary,Action,Drama,Fantasy
46,The Iron Giant,Animation,Action,Adventure
47,The Guardians of Justice,Animation,Action,Adventure
48,Superman II,Action,Adventure,Sci-Fi
49,Dark Shadows,Drama,Fantasy,Horror
0,Fallout,Action,Adventure,Drama
1,Star Trek: The Motion Picture,Adventure,Mystery,Sci-Fi
2,Mortal Kombat,Action,Adventure,Fantasy
3,Teen Titans Go!,Animation,Short,Action
4,Time Bandits,Adventure,Comedy,Fantasy
5,The Adjustment Bureau,Romance,Sci-Fi,Thriller
6,Howard the Duck,Action,Adventure,Comedy
7,The Midnight Sky,Adventure,Drama,Sci-Fi
8,Godzilla,Action,Sci-Fi,Thriller
9,Sliders,Adventure,Fantasy,Sci-Fi
10,Speed Racer,Action,Adventure,Comedy
11,Leviathan,Adventure,Horror,Mystery
12,The 5th Wave,Action,Adventure,Sci-Fi
13,The Six Million Dollar Man,Action,Crime,Drama
14,Transcendence,Action,Drama,Sci-Fi
15,Justice League,Animation,Action,Adventure
16,Dinosaurs,Comedy,Family,Fantasy
17,Teenage Mutant Ninja Turtles,Animation,Action,Adventure
19,Black Lightning,Action,Drama,Sci-Fi
20,R.I.P.D.,Action,Adventure,Comedy
22,Battlestar Galactica,Action,Adventure,Sci-Fi
23,I Am Number Four,Action,Adventure,Sci-Fi
24,Land of the Lost,Action,Adventure,Comedy
25,Downsizing,Drama,Fantasy,Sci-Fi
26,Space: 1999,Adventure,Drama,Sci-Fi
27,Forever,Crime,Drama,Fantasy
28,The Protector,Action,Fantasy,Sci-Fi
29,Videodrome,Horror,Sci-Fi,Thriller
30,She-Ra and the Princesses of Power,Animation,Action,Adventure
31,4: Rise of the Silver Surfer,Action,Adventure,Fantasy
32,Chicken Little,Animation,Adventure,Comedy
33,Replicas,Drama,Sci-Fi,Thriller
34,Gemini Man,Action,Adventure,Sci-Fi
35,Heavy Metal,Animation,Adventure,Fantasy
36,Daybreakers,Action,Horror,Sci-Fi
37,Daybreak,Action,Adventure,Comedy
38,Corrective Measures,Action,Sci-Fi,Thriller
39,Fire in the Sky,Biography,Drama,Fantasy
40,The Circle,Drama,Sci-Fi,Thriller
41,Detroit: Become Human,Action,Adventure,Drama
42,Spider-Man,Animation,Action,Adventure
43,Ansatsu kyôshitsu,Animation,Action,Comedy
44,The Last of Us,Action,Adventure,Drama
45,Threads,Drama,Sci-Fi,Thriller
46,Katla,Drama,Mystery,Sci-Fi
47,Apollo 10 1/2: A Space Age Adventure,Animation,Adventure,Drama
48,Hidden,Horror,Sci-Fi,Thriller
49,Oxygène,Drama,Fantasy,Sci-Fi
0,Cowboys & Aliens,Action,Sci-Fi,Thriller
1,Johnny Mnemonic,Action,Drama,Sci-Fi
3,V,Action,Adventure,Sci-Fi
4,Spy Kids 3: Game Over,Action,Adventure,Comedy
5,Injustice,Animation,Action,Adventure
6,The Emoji Movie,Animation,Adventure,Comedy
7,Y: The Last Man,Action,Adventure,Drama
8,Spidey and His Amazing Friends,Animation,Action,Adventure
9,I Am Mother,Drama,Mystery,Sci-Fi
10,Swamp Thing,Action,Adventure,Drama
11,Frankenstein,Drama,Horror,Romance
12,Almost Human,Action,Crime,Drama
13,Oats Studios,Short,Horror,Sci-Fi
14,Kôkaku Kidôtai,Animation,Action,Crime
15,Justice League Unlimited,Animation,Action,Adventure
17,Highlander,Action,Adventure,Fantasy
18,I Origins,Drama,Mystery,Romance
19,Lost in Space,Action,Adventure,Family
20,Slither,Comedy,Horror,Sci-Fi
21,Surrogates,Action,Sci-Fi,Thriller
22,Stowaway,Adventure,Sci-Fi,Thriller
23,The Host,Action,Adventure,Drama
24,Doomsday,Action,Sci-Fi,Thriller
25,Moonshot,Comedy,Romance,Sci-Fi
26,"Batman: The Long Halloween, Part One",Animation,Action,Crime
27,Scanners,Horror,Sci-Fi,Thriller
28,The Secret of NIMH,Animation,Adventure,Drama
29,Extinction,Action,Drama,Sci-Fi
30,The VelociPastor,Action,Adventure,Comedy
31,RoboCop 2,Action,Crime,Sci-Fi
32,Starcrash,Action,Adventure,Sci-Fi
33,Jericho,Action,Drama,Mystery
34,Untitled Star Trek Sequel,Action,Adventure,Mystery
35,Sonic the Hedgehog 3,Animation,Action,Adventure
36,In the Tall Grass,Horror,Mystery,Sci-Fi
37,Paradise Hills,Fantasy,Mystery,Sci-Fi
38,Power Rangers: Dino Fury,Action,Adventure,Comedy
39,Repo Man,Action,Comedy,Crime
40,The Nutty Professor,Comedy,Romance,Sci-Fi
41,Limitless,Comedy,Crime,Drama
43,The Venture Bros.,Animation,Action,Adventure
44,Zoo,Drama,Mystery,Sci-Fi
45,Flight of the Navigator,Adventure,Comedy,Family
46,"Dude, Where's My Car?",Comedy,Mystery,Sci-Fi
47,Bubble Boy,Adventure,Comedy,Romance
48,Mute,Mystery,Sci-Fi,Thriller
49,The Void,Horror,Mystery,Sci-Fi
0,The Lost World,Adventure,Fantasy,Sci-Fi
1,Star Wars: Clone Wars,Animation,Action,Adventure
2,Spider-Man,Action,Adventure,Fantasy
3,Andromeda,Action,Adventure,Drama
4,Solaris,Drama,Mystery,Sci-Fi
5,To the Lake,Drama,Sci-Fi,Thriller
6,Kyle XY,Drama,Mystery,Romance
8,Infinity Train,Animation,Action,Adventure
9,After Earth,Action,Adventure,Sci-Fi
10,The Pretender,Drama,Mystery,Sci-Fi
11,Alligator,Horror,Sci-Fi,Thriller
12,Mickey7,Adventure,Drama,Sci-Fi
14,Strange Days,Crime,Drama,Sci-Fi
15,Demonic,Drama,Horror,Sci-Fi
17,Zathura: A Space Adventure,Action,Adventure,Comedy
18,Bedtime Stories,Adventure,Comedy,Family
19,86,Animation,Action,Drama
20,Masters of the Universe: Revelation,Animation,Action,Adventure
21,Re-Animator,Comedy,Horror,Sci-Fi
22,Flatliners,Drama,Horror,Mystery
23,Wizards,Animation,Adventure,Fantasy
24,Pi,Drama,Horror,Mystery
25,Dark Skies,Horror,Sci-Fi,Thriller
26,Primer,Drama,Sci-Fi,Thriller
27,Monsters vs. Aliens,Animation,Action,Adventure
28,eXistenZ,Horror,Mystery,Sci-Fi
29,Seaquest DSV,Action,Adventure,Family
30,The Batman,Animation,Action,Adventure
31,Hardcore Henry,Action,Adventure,Sci-Fi
32,Mystery Men,Action,Comedy,Fantasy
33,Killer Klowns from Outer Space,Comedy,Horror,Sci-Fi
35,The Time Machine,Adventure,Romance,Sci-Fi
36,The Signal,Drama,Mystery,Sci-Fi
37,Violet Evergarden,Animation,Drama,Fantasy
38,3%,Action,Drama,Sci-Fi
39,Jason X,Action,Horror,Sci-Fi
40,Star Trek: First Contact,Action,Adventure,Drama
41,The Blob,Horror,Sci-Fi,Thriller
42,Airwolf,Action,Adventure,Sci-Fi
43,Species: The Awakening,Action,Adventure,Horror
44,The I-Land,Adventure,Drama,Mystery
45,Zapped!,Comedy,Fantasy,Sci-Fi
46,The Silence,Drama,Horror,Sci-Fi
47,2010: The Year We Make Contact,Adventure,Mystery,Sci-Fi
48,Papurika,Animation,Drama,Fantasy
49,The Rook,Drama,Fantasy,Sci-Fi
0,The Purge: Anarchy,Action,Horror,Sci-Fi
1,The Postman,Action,Adventure,Drama
3,Kim Possible,Animation,Action,Adventure
4,"Shin seiki Evangelion Gekijô-ban: Air/Magokoro wo, kimi ni",Animation,Action,Drama
5,Cyberpunk 2077,Action,Crime,Drama
6,Stitchers,Crime,Drama,Sci-Fi
7,Kaze no tani no Naushika,Animation,Adventure,Sci-Fi
9,Beauty and the Beast,Drama,Horror,Romance
10,Meitantei Conan,Animation,Action,Comedy
11,Star Trek VI: The Undiscovered Country,Action,Adventure,Sci-Fi
12,How It Ends,Action,Drama,Mystery
13,Ice Age: Collision Course,Animation,Adventure,Comedy
15,Frequency,Crime,Drama,Mystery
16,Rise of the Teenage Mutant Ninja Turtles,Animation,Action,Adventure
17,A Scanner Darkly,Animation,Comedy,Crime
18,Max Steel,Action,Adventure,Fantasy
19,Morgan,Action,Horror,Sci-Fi
20,Earth vs. the Flying Saucers,Action,Horror,Sci-Fi
21,Superman III,Action,Adventure,Comedy
23,Solaris,Drama,Mystery,Romance
24,Doragon bôru chô: Burorî,Animation,Action,Adventure
25,The House with a Clock in Its Walls,Comedy,Family,Fantasy
26,Ultrasound,Drama,Mystery,Sci-Fi
27,Scoob!,Animation,Adventure,Comedy
28,Cryo,Mystery,Sci-Fi,Thriller
30,Piranha,Comedy,Horror,Sci-Fi
31,Thelma,Drama,Fantasy,Horror
32,Timeline,Action,Adventure,Sci-Fi
33,Teenage Mutant Ninja Turtles II: The Secret of the Ooze,Action,Adventure,Comedy
34,DMZ,Action,Adventure,Drama
35,Battlefield Earth,Action,Adventure,Sci-Fi
37,Kiseijû: Sei no kakuritsu,Animation,Action,Drama
38,The Lego Movie 2: The Second Part,Animation,Action,Adventure
39,Gamer,Action,Sci-Fi,Thriller
40,Battle: Los Angeles,Action,Adventure,Sci-Fi
41,Critters,Comedy,Horror,Sci-Fi
42,Artemis Fowl,Adventure,Family,Fantasy
43,The Adventures of Buckaroo Banzai Across the 8th Dimension,Adventure,Comedy,Sci-Fi
45,Self/less,Action,Mystery,Sci-Fi
46,Ninjago: Masters of Spinjitzu,Animation,Action,Adventure
47,Mother/Android,Drama,Sci-Fi,Thriller
48,Teenage Mutant Ninja Turtles,Animation,Action,Adventure
49,Judge Dredd,Action,Crime,Sci-Fi
0,The Dead Zone,Drama,Horror,Sci-Fi
1,Defiance,Action,Drama,Sci-Fi
2,Sweetheart,Adventure,Horror,Sci-Fi
3,Him-ssen yeo-ja Do Bong-soon,Comedy,Crime,Drama
4,Penguins of Madagascar,Animation,Adventure,Comedy
5,The Midnight Gospel,Animation,Adventure,Comedy
6,Killjoys,Action,Adventure,Sci-Fi
7,Star vs. the Forces of Evil,Animation,Short,Action
8,Synchronic,Crime,Drama,Horror
9,City of Ember,Adventure,Family,Fantasy
10,Knights of the Zodiac,Action,Adventure,Drama
11,Project Blue Book,Drama,Mystery,Sci-Fi
12,The War of the Worlds,Action,Sci-Fi,Thriller
13,Spider-Man: Miles Morales,Action,Adventure,Fantasy
14,Priest,Action,Adventure,Fantasy
16,Monsters,Adventure,Drama,Romance
17,Child's Play,Drama,Horror,Sci-Fi
18,Zombie Strippers!,Comedy,Horror,Sci-Fi
19,Ultimate Spider-Man,Animation,Action,Adventure
20,Land of the Lost,Adventure,Family,Fantasy
21,Here Come the Munsters,Comedy,Horror,Sci-Fi
22,Continuum,Action,Sci-Fi,Thriller
23,The Wraith,Action,Horror,Romance
24,Circle,Drama,Horror,Mystery
25,Naomi,Action,Adventure,Drama
26,Batman: Under the Red Hood,Animation,Action,Crime
27,K-PAX,Drama,Mystery,Sci-Fi
28,The Manchurian Candidate,Drama,Mystery,Sci-Fi
29,Spies in Disguise,Animation,Action,Adventure
30,Criminal,Action,Sci-Fi,Thriller
31,Calls,Animation,Drama,Horror
32,Superman IV: The Quest for Peace,Action,Adventure,Sci-Fi
33,Anon,Crime,Sci-Fi,Thriller
35,Cloudy with a Chance of Meatballs 2,Animation,Adventure,Comedy
36,Zardoz,Adventure,Fantasy,Sci-Fi
37,Yakamoz S-245,Action,Adventure,Drama
38,Invasion of the Body Snatchers,Drama,Horror,Sci-Fi
39,King Kong,Adventure,Horror,Sci-Fi
40,The Three-Body Problem,Adventure,Drama,Fantasy
41,Swan Song,Drama,Romance,Sci-Fi
42,Songbird,Drama,Sci-Fi,Thriller
43,Darkman,Action,Sci-Fi,Thriller
44,Chip 'n Dale: Rescue Rangers,Animation,Action,Adventure
45,Next,Action,Sci-Fi,Thriller
46,Adventures of Superman,Action,Adventure,Crime
47,The Fourth Kind,Horror,Mystery,Sci-Fi
48,Wonder Woman,Action,Adventure,Fantasy
49,Ben 10: Ultimate Alien,Animation,Action,Adventure
0,Terra Nova,Adventure,Drama,Mystery
1,Metal Gear Solid,Action,Adventure,Sci-Fi
2,Star Trek IV: The Voyage Home,Action,Adventure,Comedy
3,The Girl with All the Gifts,Action,Adventure,Drama
4,Live Die Repeat and Repeat,Action,Adventure,Sci-Fi
5,Kaboom,Comedy,Mystery,Romance
8,Boku no Hero Academia: World Heroes Mission,Animation,Action,Adventure
9,Akira,Action,Drama,Mystery
10,Q-Force,Animation,Action,Adventure
12,Species II,Action,Horror,Sci-Fi
13,The 6th Day,Action,Mystery,Sci-Fi
14,The Hot Zone,Drama,History,Sci-Fi
15,Assassin's Creed Valhalla,Action,Adventure,Fantasy
16,Star Wars: The Clone Wars,Animation,Action,Adventure
17,Blade Runner: Black Lotus,Animation,Action,Drama
18,Venom 3,Action,Adventure,Sci-Fi
19,The Outer Limits,Fantasy,Horror,Sci-Fi
21,Erufen rîto,Animation,Action,Drama
22,Paycheck,Action,Mystery,Sci-Fi
23,The Darkest Minds,Action,Adventure,Drama
24,Aliens in the Attic,Adventure,Comedy,Family
25,The Langoliers,Horror,Mystery,Sci-Fi
27,Dune,Adventure,Drama,Sci-Fi
28,The Core,Action,Adventure,Sci-Fi
29,The Island of Dr. Moreau,Adventure,Fantasy,Horror
31,Bicentennial Man,Comedy,Drama,Sci-Fi
33,Take Shelter,Drama,Sci-Fi,Thriller
34,Spy Kids 2: Island of Lost Dreams,Action,Adventure,Comedy
35,Little Fish,Drama,Romance,Sci-Fi
36,La región salvaje,Drama,Horror,Mystery
37,Star Trek: Nemesis,Action,Adventure,Sci-Fi
38,Captive State,Action,Horror,Sci-Fi
40,TMNT,Animation,Action,Adventure
41,The Rover,Action,Crime,Drama
42,The Thirteenth Floor,Mystery,Sci-Fi,Thriller
44,Death Race 2000,Action,Comedy,Sci-Fi
45,Code 8,Action,Crime,Drama
46,Black Box,Horror,Mystery,Sci-Fi
47,A Quiet Place: Day One,Drama,Horror,Sci-Fi
48,Life on Mars,Crime,Drama,Mystery
49,"20,000 Leagues Under the Sea",Adventure,Drama,Family
0,Big Hero 6: The Series,Animation,Action,Adventure
1,Beforeigners,Crime,Drama,Sci-Fi
2,Lab Rats,Action,Comedy,Drama
3,Untitled Mad Max Project,Action,Adventure,Sci-Fi
4,Primeval,Action,Adventure,Drama
5,Chain Reaction,Action,Drama,Sci-Fi
7,Star Wars: Episode V - The Empire Strikes Back: Deleted Scenes,Short,Action,Drama
8,Seeking a Friend for the End of the World,Adventure,Comedy,Drama
9,Psycho-Pass,Animation,Action,Crime
10,A Wrinkle in Time,Adventure,Family,Fantasy
11,The Purge: Election Year,Action,Horror,Sci-Fi
12,Dreamcatcher,Drama,Horror,Sci-Fi
13,Ben 10: Omniverse,Animation,Action,Adventure
14,Zvyozdniy razum,Adventure,Sci-Fi,Thriller
15,Zoom,Action,Adventure,Comedy
16,Ben 10: Alien Force,Animation,Action,Adventure
17,Night Gallery,Drama,Fantasy,Horror
18,Salvation,Drama,Sci-Fi,Thriller
19,Repo! The Genetic Opera,Horror,Musical,Sci-Fi
20,Ghosts of Mars,Action,Horror,Sci-Fi
21,Another Earth,Drama,Romance,Sci-Fi
23,Carriers,Action,Adventure,Drama
24,Elizabeth Harvest,Horror,Sci-Fi,Thriller
25,Cloak & Dagger,Action,Adventure,Drama
26,Splinter,Horror,Sci-Fi,Thriller
27,Shin Gojira,Action,Drama,Horror
30,My Favorite Martian,Comedy,Family,Sci-Fi
31,Cell,Action,Adventure,Horror
32,Flashforward,Drama,Mystery,Sci-Fi
33,Vikram,Action,Adventure,Sci-Fi
34,Just Beyond,Comedy,Drama,Fantasy
35,Trollhunters,Animation,Action,Adventure
36,Apex,Action,Sci-Fi,Thriller
37,Perfect Sense,Drama,Romance,Sci-Fi
38,Deep Rising,Action,Adventure,Horror
39,Southland Tales,Comedy,Drama,Mystery
40,Iron Sky,Action,Adventure,Comedy
41,Abre los ojos,Drama,Mystery,Sci-Fi
43,The Powerpuff Girls,Animation,Action,Adventure
44,Rim of the World,Action,Adventure,Comedy
45,How I Live Now,Action,Adventure,Drama
46,Hagane no renkinjutsushi,Animation,Action,Adventure
47,Land of the Dead,Horror,Sci-Fi,Thriller
49,The Last Days on Mars,Adventure,Horror,Sci-Fi
0,Enemy Mine,Action,Adventure,Drama
1,Nuevo orden,Crime,Drama,Sci-Fi
2,Captain Underpants: The First Epic Movie,Animation,Action,Adventure
3,The Vast of Night,Drama,Mystery,Sci-Fi
4,Black Mirror: Bandersnatch,Drama,Fantasy,Mystery
5,The X Files,Drama,Mystery,Sci-Fi
6,If I Stay,Drama,Fantasy,Music
7,Solos,Drama,Fantasy,Sci-Fi
9,Mr. Peabody & Sherman,Animation,Adventure,Comedy
10,Rogue Squadron,Action,Adventure,Drama
11,Justice League Dark: Apokolips War,Animation,Action,Adventure
12,Birds of Prey,Action,Adventure,Drama
13,The Jacket,Drama,Fantasy,Mystery
14,Journey to the Center of the Earth,Adventure,Family,Fantasy
15,Mac and Me,Adventure,Comedy,Family
16,Untitled Taika Waititi Star Wars Film,Action,Adventure,Fantasy
17,Altered States,Horror,Sci-Fi,Thriller
18,The Cave,Adventure,Horror,Sci-Fi
19,Army of the Dead: Lost Vegas,Animation,Action,Crime
20,2:22,Drama,Mystery,Romance
21,Mork & Mindy,Comedy,Family,Sci-Fi
22,Batman Beyond,Animation,Action,Adventure
23,The Relic,Horror,Mystery,Sci-Fi
24,The One I Love,Comedy,Drama,Fantasy
25,In the Earth,Horror,Mystery,Sci-Fi
26,Dr. Who and the Daleks,Adventure,Drama,Sci-Fi
27,The Toxic Avenger,Action,Comedy,Horror
28,The Flash,Action,Crime,Fantasy
29,Encounter,Drama,Sci-Fi,Thriller
30,Dark Cloud,Horror,Sci-Fi,Thriller
31,The Double,Comedy,Drama,Mystery
32,Outside the Wire,Action,Adventure,Fantasy
33,PJ Masks,Animation,Action,Adventure
34,Battle Beyond the Stars,Action,Adventure,Sci-Fi
35,Flatliners,Drama,Horror,Sci-Fi
36,THX 1138,Drama,Sci-Fi,Thriller
38,Batman: Arkham Knight,Action,Adventure,Crime
39,The Andromeda Strain,Mystery,Sci-Fi,Thriller
41,RWBY,Animation,Action,Adventure
42,Hit-Monkey,Animation,Action,Adventure
43,Voyage to the Bottom of the Sea,Action,Adventure,Sci-Fi
44,Blood Drive,Action,Adventure,Comedy
45,V-Wars,Drama,Horror,Sci-Fi
48,The Curse of the Were-Rabbit,Animation,Adventure,Comedy
49,Antiviral,Horror,Mystery,Sci-Fi
0,Volcano,Action,Drama,Sci-Fi
1,Frankenstein,Drama,Horror,Sci-Fi
2,Over the Moon,Animation,Adventure,Comedy
3,Attack the Block,Action,Adventure,Comedy
4,Flubber,Comedy,Family,Sci-Fi
7,Gremlins 3,Comedy,Fantasy,Horror
8,2046,Drama,Romance,Sci-Fi
9,Village of the Damned,Horror,Sci-Fi,Thriller
10,Spaceman,Adventure,Drama,Sci-Fi
11,Mortal Kombat: Annihilation,Action,Adventure,Fantasy
12,Who Am I - Kein System ist sicher,Crime,Drama,Mystery
13,The Lost World,Action,Adventure,Romance
14,Prospect,Adventure,Drama,Sci-Fi
16,Star Trek III: The Search for Spock,Action,Adventure,Sci-Fi
19,Horizon Zero Dawn,Action,Adventure,Mystery
20,65,Adventure,Drama,Sci-Fi
21,Europa Report,Adventure,Drama,Mystery
22,Armor Wars,Action,Adventure,Drama
24,The Greatest American Hero,Adventure,Comedy,Sci-Fi
25,Das Privileg,Drama,Horror,Mystery
27,Odd Squad,Action,Adventure,Comedy
28,Osmosis Jones,Animation,Action,Adventure
29,Spectral,Action,Adventure,Sci-Fi
30,Forever Young,Drama,Romance,Sci-Fi
31,Quarantine,Horror,Sci-Fi,Thriller
32,Bill & Ted's Bogus Journey,Adventure,Comedy,Fantasy
33,Away,Drama,Romance,Sci-Fi
34,The Titan,Drama,Mystery,Romance
35,Supergirl,Action,Adventure,Fantasy
36,Spy Kids 4: All the Time in the World,Action,Adventure,Comedy
37,The First Purge,Action,Horror,Sci-Fi
38,Marvel Studios: Legends,Short,Action,Fantasy
40,These Final Hours,Drama,Sci-Fi,Thriller
41,The Lego Ninjago Movie,Animation,Action,Adventure
42,The Prisoner,Drama,Mystery,Sci-Fi
43,Spring,Horror,Romance,Sci-Fi
44,The Stepford Wives,Comedy,Horror,Sci-Fi
45,Frankenhooker,Comedy,Horror,Sci-Fi
46,Jiu Jitsu,Action,Sci-Fi,Thriller
47,Star Wars: Resistance,Animation,Action,Adventure
48,Maggie,Drama,Horror,Sci-Fi
2,Inspector Gadget,Action,Adventure,Comedy
3,The Boys from Brazil,Drama,Mystery,Sci-Fi
4,Cherry 2000,Action,Adventure,Comedy
6,Sea Fever,Drama,Horror,Mystery
7,The Sand,Comedy,Horror,Sci-Fi
9,Star Trek: Generations,Action,Adventure,Mystery
13,Rollerball,Action,Sci-Fi,Sport
14,Buzz Lightyear of Star Command,Animation,Action,Adventure
15,RoboCop 3,Action,Crime,Sci-Fi
16,The Space Between Us,Drama,Romance,Sci-Fi
17,Split Second,Action,Crime,Horror
18,Battlestar Galactica,Action,Adventure,Drama
19,Titan A.E.,Animation,Action,Adventure
20,Living with Yourself,Comedy,Drama,Sci-Fi
22,Night of the Comet,Comedy,Horror,Sci-Fi
23,Disturbing Behavior,Horror,Mystery,Sci-Fi
25,Cyborg,Action,Sci-Fi,Thriller
26,Race to Witch Mountain,Action,Adventure,Family
27,Strawberry Mansion,Adventure,Comedy,Drama
28,Dragon Ball Z: Doragon bôru zetto,Animation,Action,Adventure
29,Adventure Time: Distant Lands,Animation,Action,Adventure
30,Virtuosity,Action,Crime,Sci-Fi
31,Supernova,Horror,Sci-Fi,Thriller
32,Stealth,Action,Adventure,Sci-Fi
34,Monsters of Man,Action,Sci-Fi,Thriller
35,Tales of the Jedi,Animation,Short,Action
36,Junior,Comedy,Romance,Sci-Fi
37,Cargo,Drama,Horror,Sci-Fi
38,Halloween III: Season of the Witch,Horror,Mystery,Sci-Fi
39,The One,Action,Sci-Fi,Thriller
40,Star Trek V: The Final Frontier,Action,Adventure,Fantasy
41,Dark Angel,Action,Crime,Horror
42,Bad Taste,Comedy,Horror,Sci-Fi
43,Fahrenheit 451,Drama,Sci-Fi,Thriller
44,Soldier,Action,Drama,Sci-Fi
45,Red Planet,Action,Sci-Fi,Thriller
46,The Last Drive-In with Joe Bob Briggs,Comedy,Fantasy,Horror
47,Marvel Zombies,Animation,Action,Adventure
48,The Stuff,Comedy,Horror,Sci-Fi
0,Cold Skin,Action,Horror,Sci-Fi
1,The Stepford Wives,Horror,Mystery,Sci-Fi
2,Tribes of Europa,Action,Adventure,Drama
3,Starship Troopers 2: Hero of the Federation,Action,Adventure,Horror
4,Without Warning,Horror,Sci-Fi,Thriller
5,Scoob!: Holiday Haunt,Animation,Adventure,Comedy
6,Cooties,Action,Comedy,Horror
7,Hotel Artemis,Action,Crime,Drama
8,The Last Son,Action,Adventure,Crime
10,Monster Trucks,Action,Adventure,Comedy
12,The Division,Action,Sci-Fi,Thriller
13,Parallel,Drama,Mystery,Sci-Fi
15,The Final Countdown,Action,Adventure,Sci-Fi
16,Tengen toppa gurren lagann,Animation,Action,Adventure
17,Left Behind,Action,Fantasy,Sci-Fi
18,Serial Experiments Lain,Animation,Drama,Horror
19,The Incal,Adventure,Comedy,Crime
20,People of Earth,Comedy,Mystery,Sci-Fi
21,Kôkaku kidôtai: Stand Alone Complex,Animation,Action,Crime
22,Helix,Drama,Horror,Mystery
24,The Star Wars Holiday Special,Adventure,Family,Musical
25,Risen,Drama,Sci-Fi,Thriller
26,DARLING in the FRANXX,Animation,Action,Drama
28,The Halfway House,Drama,Fantasy,Mystery
29,Dragon Ball,Animation,Action,Adventure
30,Lexx,Action,Adventure,Comedy
31,Quatermass and the Pit,Horror,Mystery,Sci-Fi
32,The New Batman Adventures,Animation,Action,Adventure
33,Soulmates,Drama,Romance,Sci-Fi
34,The Silencers,Action,Adventure,Comedy
35,Shin Evangelion Gekijôban,Animation,Action,Drama
36,Heroes Reborn,Drama,Fantasy,Sci-Fi
37,Dominion,Action,Drama,Fantasy
39,Beyond the Black Rainbow,Horror,Sci-Fi,Thriller
40,Catwoman: Hunted,Animation,Action,Crime
42,Date a Live,Animation,Action,Comedy
43,Banana,Animation,Short,Comedy
44,Trolljegeren,Drama,Fantasy,Horror
45,America: The Motion Picture,Animation,Action,Adventure
46,Krypton,Action,Adventure,Drama
47,Relic Hunter,Fantasy,Mystery,Adventure
48,Final Fantasy VII Remake,Action,Adventure,Fantasy
49,La cité des enfants perdus,Drama,Fantasy,Sci-Fi
1,SurrealEstate,Drama,Fantasy,Mystery
2,The Bionic Woman,Action,Adventure,Drama
3,"The Adventures of Brisco County, Jr.",Action,Adventure,Comedy
4,Happy Death Day 2U,Comedy,Horror,Mystery
5,October Faction,Adventure,Drama,Fantasy
6,The Omega Man,Action,Drama,Sci-Fi
8,Resident Evil Village,Action,Adventure,Drama
9,"Batman: The Long Halloween, Part Two",Animation,Action,Crime
11,Minnal Murali,Action,Adventure,Comedy
12,Escape Plan 2: Hades,Action,Crime,Mystery
13,Parallels,Adventure,Fantasy,Mystery
14,Children of Dune,Adventure,Drama,Sci-Fi
15,Sphere,Action,Mystery,Sci-Fi
16,Congo,Action,Adventure,Mystery
18,Untitled: The Walking Dead Movie,Drama,Horror,Sci-Fi
19,Superintelligence,Action,Comedy,Romance
20,Stay Alive,Fantasy,Horror,Mystery
21,Rangers of the New Republic,Action,Adventure,Drama
22,Truth Seekers,Comedy,Drama,Fantasy
24,Caprica,Action,Drama,Sci-Fi
25,Breach,Action,Horror,Sci-Fi
26,Kiru ra kiru: KILL la KILL,Animation,Action,Comedy
27,Sputnik,Drama,Horror,Mystery
28,Team Darryl,Short,Comedy,Sci-Fi
29,Lego Star Wars: The Skywalker Saga,Action,Adventure,Comedy
30,Seungriho,Action,Adventure,Drama
31,Doom: Annihilation,Action,Adventure,Horror
33,Daleks' Invasion Earth 2150 A.D.,Adventure,Drama,Sci-Fi
34,Teenage Mutant Ninja Turtles III,Action,Adventure,Comedy
35,Superman,Animation,Action,Adventure
36,Somewhere Between,Drama,Mystery,Sci-Fi
37,I Still See You,Fantasy,Horror,Sci-Fi
38,Timecop,Action,Crime,Sci-Fi
39,Needle in a Timestack,Drama,Fantasy,Romance
40,The Jetsons,Animation,Comedy,Family
41,Runaway,Action,Crime,Sci-Fi
42,El ministerio del tiempo,Action,Adventure,Comedy
43,What Lies Below,Horror,Mystery,Sci-Fi
44,Powerpuff,Action,Adventure,Comedy
45,Nightflyers,Drama,Horror,Mystery
46,Babylon A.D.,Action,Adventure,Sci-Fi
47,Eight Legged Freaks,Action,Adventure,Comedy
48,Womb,Drama,Romance,Sci-Fi
49,Voltron: Legendary Defender,Animation,Action,Adventure
0,Zashchitniki,Action,Adventure,Comedy
1,The Acolyte,Action,Adventure,Drama
2,The Divide,Drama,Horror,Sci-Fi
3,Deep Blue Sea 3,Action,Horror,Sci-Fi
5,Garth Marenghi's Darkplace,Comedy,Fantasy,Horror
6,Galaxy of Terror,Action,Adventure,Horror
7,The Secret World of Alex Mack,Comedy,Drama,Family
8,The Hungover Games,Adventure,Comedy,Fantasy
9,Star Trek: Insurrection,Action,Adventure,Sci-Fi
10,Light of My Life,Drama,Sci-Fi,Thriller
11,Outland,Action,Crime,Sci-Fi
12,The X Files: I Want to Believe,Crime,Drama,Horror
13,Troglodyte,Action,Adventure,Comedy
14,Phenomenon,Drama,Fantasy,Romance
15,SpaceCamp,Adventure,Family,Sci-Fi
16,Night of the Creeps,Comedy,Horror,Sci-Fi
18,Skyline,Action,Sci-Fi,Thriller
19,Fatman,Action,Adventure,Comedy
20,"Honey, I Blew Up the Kid",Adventure,Comedy,Family
21,Avengers Assemble,Animation,Action,Adventure
22,He-Man and the Masters of the Universe,Animation,Action,Adventure
23,Zenon: Girl of the 21st Century,Adventure,Comedy,Family
24,Hot Tub Time Machine 2,Comedy,Mystery,Sci-Fi
25,Millennium,Crime,Drama,Horror
26,The Fly,Drama,Horror,Sci-Fi
27,Little Shop of Horrors,Comedy,Horror,Musical
28,Kipo and the Age of Wonderbeasts,Animation,Action,Adventure
29,Books of Blood,Drama,Horror,Mystery
30,Justice League: The Flashpoint Paradox,Animation,Action,Adventure
31,The Tomorrow People,Action,Drama,Sci-Fi
32,"I, Frankenstein",Action,Fantasy,Sci-Fi
33,John Dies at the End,Comedy,Fantasy,Horror
34,Danny Phantom,Animation,Action,Adventure
35,*batteries not included,Comedy,Family,Fantasy
36,Engage Kiss,Animation,Action,Comedy
37,Pandora,Action,Drama,Sci-Fi
38,Los cronocrímenes,Mystery,Sci-Fi,Thriller
39,Avatar 3,Action,Adventure,Fantasy
40,The Avengers,Action,Adventure,Sci-Fi
41,Double Dragon,Action,Adventure,Comedy
43,Trigun,Animation,Action,Adventure
44,Bloom,Drama,Mystery,Sci-Fi
45,Death Race 2,Action,Crime,Sci-Fi
46,Legend of the White Dragon,Action,Fantasy,Sci-Fi
47,Batman: Death in the Family,Animation,Action,Crime
48,Tremors: Shrieker Island,Action,Adventure,Comedy
49,The Selection,Fantasy,History,Romance
0,The Darkest Hour,Action,Adventure,Horror
1,The Sarah Jane Adventures,Action,Adventure,Drama
3,Amazing Stories,Action,Adventure,Drama
4,Fantastic Voyage,Adventure,Family,Sci-Fi
5,Fallout 4,Action,Adventure,Sci-Fi
6,The Astronaut's Wife,Drama,Sci-Fi,Thriller
9,Star Trek: Short Treks,Short,Action,Adventure
10,Byeol-e-seo on geu-dae,Comedy,Drama,Fantasy
11,Sonic Boom,Animation,Short,Action
12,Time Bandits,Adventure,Comedy,Fantasy
13,Mission to Mars,Adventure,Sci-Fi,Thriller
14,Psycho Goreman,Comedy,Horror,Sci-Fi
15,Ashes to Ashes,Crime,Drama,Fantasy
16,The Discovery,Drama,Romance,Sci-Fi
17,The Fantastic Four,Action,Adventure,Family
18,Dexter's Laboratory,Animation,Short,Adventure
19,The Flintstones in Viva Rock Vegas,Comedy,Family,Romance
20,Pacific Rim,Animation,Action,Adventure
21,The Transformers: The Movie,Animation,Action,Adventure
22,The Tuxedo,Action,Comedy,Sci-Fi
23,Jimmy Neutron: Boy Genius,Animation,Action,Adventure
24,Beowulf,Action,Adventure,Fantasy
25,Shuumatsu no Harem,Animation,Drama,Romance
26,Teen Titans Go! To the Movies,Animation,Action,Adventure
27,Spider-Man,Animation,Action,Adventure
28,Ghosted,Comedy,Crime,Horror
29,Transformers,Animation,Action,Adventure
30,Astro Boy,Animation,Action,Adventure
31,High-Rise Invasion,Animation,Action,Horror
32,Kairo,Horror,Mystery,Sci-Fi
33,Bride of Frankenstein,Drama,Horror,Sci-Fi
34,Liu lang di qiu,Action,Adventure,Sci-Fi
35,"Batman: The Dark Knight Returns, Part 1",Animation,Action,Crime
36,The Dead Zone,Drama,Fantasy,Mystery
38,The Peripheral,Drama,Sci-Fi,Thriller
39,Ginga eiyû densetsu,Animation,Action,Drama
40,The Lost Room,Action,Fantasy,Mystery
41,Hamster & Gretel,Animation,Action,Adventure
42,Blake's 7,Adventure,Drama,Sci-Fi
43,Limetown,Crime,Mystery,Sci-Fi
44,The Ghost Busters,Comedy,Family,Fantasy
45,Settlers,Drama,Sci-Fi,Thriller
46,Taken,Drama,Mystery,Sci-Fi
47,Tekken,Action,Crime,Drama
48,Starship Troopers 3: Marauder,Action,Adventure,Sci-Fi
0,The Avengers: Earth's Mightiest Heroes,Animation,Action,Adventure
1,Jem and the Holograms,Adventure,Drama,Family
2,DuckTales,Animation,Action,Adventure
3,Final Fantasy: The Spirits Within,Animation,Action,Adventure
4,From Now,Action,Adventure,Family
6,Marvel's Avengers,Action,Adventure,Fantasy
7,Nowhere,Comedy,Drama,Sci-Fi
8,No Escape,Action,Drama,Sci-Fi
9,Highlander: Endgame,Action,Adventure,Fantasy
10,The Lazarus Effect,Horror,Mystery,Sci-Fi
11,Friday the 13th: The Series,Fantasy,Horror,Mystery
13,The Tick,Action,Comedy,Sci-Fi
14,Skylines,Action,Adventure,Sci-Fi
15,God Told Me To,Crime,Horror,Sci-Fi
16,My Super Ex-Girlfriend,Comedy,Romance,Sci-Fi
17,Frankenweenie,Animation,Comedy,Drama
18,The Toxic Avenger,Action,Adventure,Comedy
19,Sutorîto faitâ II gekijô-ban,Animation,Action,Adventure
20,Next Gen,Animation,Action,Adventure
21,Await Further Instructions,Horror,Mystery,Sci-Fi
23,Midnight Special,Drama,Mystery,Sci-Fi
25,The Last Man,Action,Drama,Mystery
26,Lockout,Action,Sci-Fi,Thriller
27,Batman: Mask of the Phantasm,Animation,Action,Adventure
28,Skeleton Crew,Action,Adventure,Sci-Fi
29,Don't Let Go,Drama,Horror,Mystery
30,Resident Evil 7: Biohazard,Action,Horror,Mystery
31,Chopping Mall,Comedy,Horror,Sci-Fi
32,The Passage,Action,Adventure,Drama
33,Escape from Pleasure Planet,Action,Comedy,Fantasy
34,Biohackers,Drama,Sci-Fi,Thriller
37,24 Hours to Live,Action,Sci-Fi,Thriller
38,X-Men '97,Animation,Action,Adventure
40,Room 104,Comedy,Drama,Fantasy
42,Fallout: New Vegas,Action,Adventure,Sci-Fi
43,Multiplicity,Comedy,Romance,Sci-Fi
44,Mortal Kombat,Short,Action,Adventure
45,Supurigan,Animation,Action,Adventure
46,The Last Bus,Adventure,Comedy,Drama
47,Robot & Frank,Comedy,Crime,Drama
48,The War of the Worlds,Drama,History,Sci-Fi
49,Ngo si seoi,Action,Adventure,Comedy
3,Totally Spies!,Animation,Action,Adventure
4,The Zero Theorem,Comedy,Drama,Fantasy
5,RocketMan,Comedy,Family,Sci-Fi
6,Captain America,Action,Adventure,Sci-Fi
7,Muppets from Space,Adventure,Comedy,Family
9,IO,Adventure,Drama,Sci-Fi
10,Kung Fury,Short,Action,Comedy
12,Sigeuneol,Crime,Drama,Fantasy
13,Offseason,Drama,Fantasy,Horror
14,Command & Conquer: Red Alert 3,Action,Sci-Fi,War
15,Batman: Hush,Animation,Action,Adventure
17,Brian and Charles,Short,Comedy,Sci-Fi
18,Sharknado 2: The Second One,Action,Adventure,Comedy
19,Heavy Metal 2000,Animation,Action,Adventure
20,Anna,Drama,Mystery,Sci-Fi
21,Puppet Master,Fantasy,Horror,Sci-Fi
22,G-Force,Animation,Action,Adventure
23,Equals,Drama,Romance,Sci-Fi
24,Freaks of Nature,Comedy,Horror,Sci-Fi
26,Sky Captain and the World of Tomorrow,Action,Adventure,Mystery
27,The Forgotten,Drama,Mystery,Sci-Fi
29,Victor Frankenstein,Drama,Horror,Sci-Fi
30,Upside Down,Drama,Fantasy,Romance
33,Agatha: House of Harkness,Action,Adventure,Comedy
34,Mutant X,Action,Adventure,Drama
35,Avanpost,Action,Sci-Fi,Thriller
36,The Invaders,Drama,Sci-Fi,Thriller
37,Days Gone,Action,Adventure,Horror
38,Little Monsters,Comedy,Horror,Sci-Fi
39,Ben 10: Alien Swarm,Action,Adventure,Family
41,Superboy,Adventure,Fantasy,Sci-Fi
42,The Munsters' Revenge,Comedy,Crime,Family
43,Uglies,Action,Adventure,Drama
44,Mass Effect,Action,Adventure,Drama
45,Frogs,Horror,Mystery,Sci-Fi
46,The Neighbors,Comedy,Family,Romance
47,Mystery Science Theater 3000: The Return,Comedy,Drama,Horror
48,Ghost in the Shell SAC_2045,Animation,Action,Crime
49,Ben 10,Animation,Short,Action
0,Time Lapse,Horror,Sci-Fi,Thriller
1,Æon Flux,Animation,Adventure,Sci-Fi
2,Gekijôban Sword Art Online Progressive Hoshi naki yoru no Aria,Animation,Action,Adventure
3,Thundercats,Animation,Action,Adventure
6,Sijipeuseu: The Myth,Action,Drama,Fantasy
8,The Wonderful World of Mickey Mouse,Animation,Short,Adventure
9,Fortnite,Action,Adventure,Comedy
10,Surface,Adventure,Drama,Mystery
11,S. Darko,Drama,Mystery,Sci-Fi
12,Emergence,Drama,Mystery,Sci-Fi
13,Todd and the Book of Pure Evil,Comedy,Horror,Sci-Fi
14,The Last Days of American Crime,Action,Crime,Drama
15,BrainDead,Comedy,Drama,Horror
16,Tremors II: Aftershocks,Action,Comedy,Horror
18,Planet 51,Animation,Adventure,Comedy
19,Tron 3,Action,Adventure,Sci-Fi
20,Resident Evil: Vendetta,Animation,Action,Adventure
21,Gekijô-ban poketto monsutâ - Myûtsû no gyakushû,Animation,Action,Adventure
22,The UFO Incident,Biography,Drama,History
23,Thunderbirds,Action,Adventure,Comedy
25,Return of the Living Dead: Part II,Comedy,Horror,Sci-Fi
26,Sonic Prime,Animation,Action,Adventure
28,Time Trap,Action,Adventure,Mystery
29,Piranha Part Two: The Spawning,Horror,Sci-Fi,Thriller
30,Amazing Stories,Adventure,Comedy,Drama
31,The Twilight Zone,Drama,Fantasy,Horror
32,Star Trek Continues,Action,Adventure,Sci-Fi
33,Escape to Witch Mountain,Adventure,Family,Fantasy
34,S1m0ne,Comedy,Drama,Sci-Fi
35,Z for Zachariah,Drama,Romance,Sci-Fi
37,The Powerpuff Girls,Animation,Short,Action
38,Batman: Arkham City,Action,Adventure,Crime
39,Teenage Mutant Ninja Turtles: The Next Chapter,Animation,Action,Adventure
40,Earth: Final Conflict,Action,Drama,Mystery
41,Dreamscape,Action,Adventure,Horror
43,xXx: State of the Union,Action,Adventure,Crime
44,Masters of the Universe,Action,Adventure,Drama
45,Justice League Dark,Animation,Action,Adventure
46,Alphas,Action,Drama,Sci-Fi
47,Furya,Action,Adventure,Sci-Fi
49,Asteroid,Action,Comedy,Drama
0,Dragon Ball Kai: Doragon bôru kai,Animation,Action,Adventure
1,Saturn 3,Adventure,Horror,Sci-Fi
2,Batman: The Brave and the Bold,Animation,Action,Adventure
4,The Man from Earth: Holocene,Drama,Fantasy,Sci-Fi
5,Beyond Skyline,Action,Adventure,Sci-Fi
6,Lucky Man,Action,Crime,Drama
8,Area 51,Horror,Mystery,Sci-Fi
9,The Prisoner,Drama,Sci-Fi,Thriller
10,Hell Comes to Frogtown,Action,Comedy,Sci-Fi
11,Despicable Me: Minion Mayhem 3D,Animation,Short,Adventure
12,The Survivalist,Action,Sci-Fi,Thriller
13,Kin,Action,Drama,Sci-Fi
14,Sharknado 4: The 4th Awakens,Action,Adventure,Comedy
15,Double Team,Action,Comedy,Sci-Fi
16,Megalodon,Action,Adventure,Horror
17,Jexi,Comedy,Romance,Sci-Fi
18,Repo Men,Action,Sci-Fi,Thriller
19,Pánico en el Transiberiano,Adventure,Horror,Sci-Fi
20,Highlander,Action,Fantasy,Sci-Fi
21,True Love,Drama,Romance,Sci-Fi
22,Codename: Kids Next Door,Animation,Action,Adventure
23,Ergo Proxy,Animation,Action,Adventure
24,The Last Sharknado: It's About Time,Action,Adventure,Comedy
25,Mass Effect 2,Action,Adventure,Drama
26,Honeymoon,Drama,Fantasy,Horror
27,Highlander II: The Quickening,Action,Adventure,Fantasy
29,Project Almanac,Drama,Mystery,Sci-Fi
31,"Honey, We Shrunk Ourselves!",Action,Adventure,Comedy
32,Maanaadu,Action,Adventure,Sci-Fi
33,Cowboy Bebop: Tengoku no tobira,Animation,Action,Crime
34,The Unhealer,Action,Horror,Sci-Fi
35,Banlieue 13,Action,Crime,Sci-Fi
36,Transformers Prime,Animation,Action,Adventure
37,Looker,Drama,Sci-Fi,Thriller
38,The Rage: Carrie 2,Drama,Horror,Sci-Fi
39,Power Rangers Ninja Steel,Action,Adventure,Drama
40,DC Super Hero Girls,Animation,Action,Adventure
41,Sonic X,Animation,Action,Adventure
42,Den blomstertid nu kommer,Action,Romance,Sci-Fi
43,Slave Girls from Beyond Infinity,Action,Adventure,Comedy
44,The Time Tunnel,Action,Adventure,Sci-Fi
45,Day of the Dead,Action,Drama,Horror
46,Phantoms,Horror,Sci-Fi,Thriller
47,Time After Time,Adventure,Drama,Sci-Fi
48,Assassin's Creed: Origins,Action,Adventure,Fantasy
49,Sharknado 5: Global Swarming,Action,Adventure,Comedy
2,Universal Soldier: Day of Reckoning,Action,Horror,Mystery
3,Metal Gear Solid V: The Phantom Pain,Action,Adventure,Drama
4,Superman II: The Richard Donner Cut,Action,Adventure,Romance
5,Assassin's Creed IV: Black Flag,Action,Adventure,History
6,The Mandela Effect,Drama,Sci-Fi,Thriller
7,Mike Tyson Mysteries,Animation,Adventure,Comedy
8,The Survivalist,Drama,Sci-Fi,Thriller
9,Debris,Drama,Mystery,Sci-Fi
10,The One,Crime,Drama,Sci-Fi
11,On the Beach,Drama,Romance,Sci-Fi
13,Blaze and the Monster Machines,Animation,Action,Adventure
14,The Bay,Horror,Sci-Fi,Thriller
15,Pokémon Journeys,Animation,Adventure,Comedy
16,Redline,Animation,Action,Sci-Fi
17,Radius,Drama,Horror,Mystery
18,Koma,Action,Adventure,Fantasy
19,Deadman Wonderland,Animation,Action,Drama
20,Invader ZIM,Animation,Action,Adventure
21,Future World,Action,Adventure,Sci-Fi
22,Resident Evil 2,Action,Horror,Sci-Fi
23,Mortal Kombat 11,Action,Adventure,Fantasy
24,Digimon: Digital Monsters,Animation,Action,Adventure
25,This Island Earth,Horror,Mystery,Sci-Fi
26,Creeped Out,Action,Adventure,Crime
27,The Magic School Bus,Animation,Adventure,Comedy
28,Childhood's End,Drama,Sci-Fi,Thriller
29,M.O.D.O.K.,Animation,Action,Comedy
30,Ultraman,Animation,Action,Adventure
31,The Banana Splits Movie,Action,Comedy,Horror
32,The Real Ghost Busters,Animation,Action,Comedy
33,Toki o kakeru shôjo,Animation,Adventure,Comedy
34,Memorîzu,Animation,Sci-Fi,Thriller
35,A-X-L,Action,Adventure,Drama
36,Clockstoppers,Action,Adventure,Comedy
37,Vanitas no Carte,Animation,Fantasy,Horror
38,Last Resort,Action,Drama,Mystery
39,Impulse,Action,Drama,Sci-Fi
40,Beyond Belief: Fact or Fiction,Mystery,Thriller,Fantasy
41,Vampire Hunter D: Bloodlust,Animation,Action,Drama
42,"The Adventures of Jimmy Neutron, Boy Genius",Animation,Adventure,Comedy
43,Tin Man,Adventure,Fantasy,Sci-Fi
44,The Ewok Adventure,Adventure,Family,Fantasy
46,Short Circuit 2,Comedy,Drama,Family
47,Le chant du loup,Action,Adventure,Sci-Fi
48,Gog,Drama,Horror,Romance
49,The Hidden,Horror,Sci-Fi,Thriller
0,DeepStar Six,Action,Horror,Sci-Fi
1,Mysterious Island,Adventure,Family,Fantasy
3,One Step Beyond,Drama,Fantasy,Horror
4,Beneath the Planet of the Apes,Action,Adventure,Sci-Fi
5,Next,Crime,Drama,Sci-Fi
6,Black Panther: Origins,Short,Action,Adventure
7,"Tomorrow, When the War Began",Action,Adventure,Drama
8,ARQ,Action,Sci-Fi,Thriller
9,Smart House,Comedy,Drama,Family
10,Body Bags,Comedy,Horror,Sci-Fi
11,Riaru onigokko,Action,Drama,Fantasy
12,Black Sheep,Comedy,Horror,Sci-Fi
13,The Tribe,Drama,Romance,Sci-Fi
14,The Fly II,Drama,Horror,Sci-Fi
15,Biohazard 4,Action,Adventure,Fantasy
16,Phil of the Future,Adventure,Comedy,Family
17,Cabin Fever,Horror,Sci-Fi,Thriller
18,Suburban Commando,Action,Comedy,Sci-Fi
19,Little Einsteins,Animation,Adventure,Comedy
20,The Librarian: The Curse of the Judas Chalice,Action,Adventure,Comedy
21,Alone in the Dark,Action,Horror,Sci-Fi
22,Owari No Seraph,Animation,Action,Adventure
23,Apollo 18,Horror,Mystery,Sci-Fi
24,The Listener,Crime,Drama,Fantasy
25,Batman: Caped Crusader,Animation,Action,Adventure
26,Linoleum,Comedy,Drama,Sci-Fi
28,The Imperfects,Adventure,Drama,Fantasy
29,Misfits of Science,Adventure,Comedy,Sci-Fi
30,Dragon Ball GT: Doragon bôru jîtî,Animation,Action,Adventure
31,"Eerie, Indiana",Adventure,Comedy,Drama
33,The Philadelphia Experiment,Adventure,Drama,Romance
34,Dr. Brain,Drama,Mystery,Sci-Fi
35,Justice Society: World War II,Animation,Action,Adventure
36,The Green Hornet,Action,Adventure,Crime
37,Spider-Man: Freshman Year,Animation,Action,Adventure
38,RoboCop,Action,Adventure,Crime
39,Buzz Lightyear of Star Command: The Adventure Begins,Animation,Action,Adventure
40,Gotham City Sirens,Action,Adventure,Comedy
41,The Deep,Animation,Action,Adventure
42,Cyberpunk: Edgerunners,Animation,Action,Adventure
43,Turbo Kid,Action,Adventure,Comedy
44,Halo 4: Forward Unto Dawn,Action,Sci-Fi,Thriller
45,Tentacoli,Action,Adventure,Comedy
46,Beyond: Two Souls,Action,Adventure,Drama
47,How to Talk to Girls at Parties,Comedy,Music,Romance
48,ReBoot,Animation,Action,Adventure
49,Shin Ultraman,Action,Adventure,Drama
1,Kiss Me Deadly,Crime,Film-Noir,Mystery
2,Jungle Beat: The Movie,Animation,Adventure,Comedy
3,Kingsglaive: Final Fantasy XV,Animation,Action,Adventure
4,Toraburu,Animation,Action,Comedy
5,Space: Above and Beyond,Action,Adventure,Drama
6,Dead Heat,Action,Comedy,Horror
8,After the Dark,Drama,Fantasy,Sci-Fi
9,Control,Action,Adventure,Horror
10,Starship Troopers: Traitor of Mars,Animation,Action,Sci-Fi
11,Fainaru fantajî sebun adobento chirudoren,Animation,Action,Adventure
12,Powers,Action,Crime,Drama
14,Life on Mars,Crime,Drama,Mystery
15,Static Shock,Animation,Action,Adventure
16,Sharknado 3: Oh Hell No!,Action,Adventure,Comedy
17,Pulse,Horror,Sci-Fi,Thriller
18,Charly,Drama,Romance,Sci-Fi
19,Weird Science,Comedy,Fantasy,Sci-Fi
20,The Amazing Spider-Man,Action,Adventure,Crime
21,Proxima,Action,Adventure,Drama
22,Shining Sex,Drama,Sci-Fi,Thriller
23,Life Like,Drama,Sci-Fi,Thriller
24,Star Trek,Animation,Action,Adventure
25,Nemesis,Action,Sci-Fi,Thriller
26,Mission: Impossible,Action,Adventure,Crime
27,Krypto the Superdog,Animation,Action,Adventure
28,Teen Titans: The Judas Contract,Animation,Action,Adventure
29,Iron Sky: The Coming Race,Action,Adventure,Comedy
30,Prityazhenie,Drama,Romance,Sci-Fi
31,Battle at Big Rock,Short,Action,Adventure
32,The Fury,Horror,Sci-Fi,Thriller
33,The Seed,Comedy,Horror,Sci-Fi
34,Slaughterhouse-Five,Comedy,Drama,Sci-Fi
36,Assassin's Creed: Odyssey,Action,Adventure,Fantasy
37,The Final Cut,Drama,Sci-Fi,Thriller
38,Minecraft,Action,Adventure,Family
39,The Ray Bradbury Theater,Drama,Fantasy,Horror
40,TRON: Uprising,Animation,Action,Adventure
41,Deadly Friend,Drama,Horror,Sci-Fi
43,The Hunger,Drama,Fantasy,Horror
44,In Like Flint,Action,Adventure,Comedy
45,The Man with Two Brains,Comedy,Romance,Sci-Fi
46,Batman: Arkham Asylum,Action,Adventure,Crime
47,The Hitchhiker,Drama,Horror,Mystery
48,Halo: Nightfall,Action,Adventure,Mystery
49,The Beach House,Drama,Horror,Mystery
0,Inspector Gadget,Animation,Action,Adventure
1,Baby Geniuses,Comedy,Crime,Family
2,Ji qi zhi xue,Action,Sci-Fi,Thriller
3,Blade: The Series,Action,Drama,Fantasy
4,Gantz: O,Animation,Action,Drama
5,Äkta människor,Drama,Sci-Fi,Thriller
6,Terminator II,Action,Adventure,Fantasy
7,Steins;Gate 0,Animation,Drama,Mystery
8,"Cube: Ichido haittara, saigo",Horror,Mystery,Sci-Fi
9,Mindwarp,Horror,Sci-Fi,Thriller
10,Harmony,Action,Horror,Sci-Fi
11,3Below: Tales of Arcadia,Animation,Action,Adventure
12,Dying Light 2: Stay Human,Action,Adventure,Horror
13,The Spine of Night,Animation,Action,Adventure
14,"Harvey Birdman, Attorney at Law",Animation,Comedy,Sci-Fi
16,He-Man and the Masters of the Universe,Animation,Action,Adventure
17,Sanyangeui sigan,Action,Crime,Drama
18,Hagane no renkinjutsushi,Action,Adventure,Fantasy
19,R.L. Stine's The Haunting Hour,Action,Adventure,Comedy
20,Jurassic World Evolution 2,Adventure,Family,Sci-Fi
21,Deep Blue Sea 2,Action,Horror,Sci-Fi
22,No Ordinary Family,Action,Comedy,Drama
24,Stake Land,Drama,Horror,Sci-Fi
25,Evangelion Shin Gekijôban: Jo,Animation,Action,Drama
27,Team Thor,Short,Comedy,Fantasy
28,My Adventures with Superman,Animation,Action,Adventure
29,Made in Abyss: Fukaki Tamashî no Reimei,Animation,Adventure,Drama
30,Nutty Professor II: The Klumps,Comedy,Romance,Sci-Fi
31,Justice League vs. Teen Titans,Animation,Action,Adventure
32,The Hitchhiker's Guide to the Galaxy,Adventure,Comedy,Sci-Fi
33,Lost in Austen,Drama,Fantasy,Romance
34,The Dark Side of the Moon,Action,Horror,Mystery
35,Seobok,Action,Sci-Fi,Thriller
36,Heavy Rain,Crime,Drama,Mystery
37,Vratar galaktiki,Action,Sci-Fi,Sport
38,Cocoon: The Return,Adventure,Comedy,Mystery
39,Ice Soldiers,Action,Sci-Fi,Thriller
40,Autómata,Action,Drama,Sci-Fi
41,Tenshi no tamago,Animation,Drama,Fantasy
42,2-Headed Shark Attack,Action,Adventure,Comedy
43,Hardware Wars,Action,Comedy,Sci-Fi
44,Star Trek: Renegades,Action,Adventure,Sci-Fi
45,Mass Effect: Legendary Edition,Action,Adventure,Sci-Fi
46,Otomege Sekai wa Mob ni Kibishii Sekai Desu,Animation,Comedy,Fantasy
47,A pokol mélyén,Horror,Sci-Fi,Thriller
48,Generator Rex,Animation,Action,Adventure
49,Left Behind,Action,Drama,Fantasy
0,Yôjû toshi,Animation,Action,Fantasy
1,Taylor Swift: Bad Blood,Short,Fantasy,Music
2,Rendezvous with Rama,Adventure,Mystery,Sci-Fi
3,Teen Titans Go! Vs. Teen Titans,Animation,Action,Adventure
4,Down,Action,Horror,Mystery
5,Portal 2,Adventure,Comedy,Sci-Fi
7,SS-GB,Action,Drama,Sci-Fi
8,Lapsis,Drama,Mystery,Sci-Fi
9,Batman and Harley Quinn,Animation,Action,Adventure
10,Small Wonder,Comedy,Family,Sci-Fi
12,Shorts,Adventure,Comedy,Family
13,The Adventures of Bob & Doug McKenzie: Strange Brew,Comedy,Crime,Sci-Fi
15,Something in the Dirt,Comedy,Horror,Sci-Fi
17,Lilo & Stitch: The Series,Animation,Action,Adventure
18,"Batman: The Dark Knight Returns, Part 2",Animation,Action,Crime
19,The Ice Pirates,Action,Adventure,Comedy
20,Kamisama no iu tôri,Adventure,Horror,Sci-Fi
21,Ewoks: The Battle for Endor,Adventure,Family,Fantasy
22,666 Park Avenue,Drama,Fantasy,Horror
23,Clone High,Animation,Comedy,Sci-Fi
24,Dinotopia,Adventure,Family,Fantasy
25,Chosen,Drama,Mystery,Sci-Fi
26,Hostile,Drama,Horror,Sci-Fi
28,Thunderbirds,Animation,Action,Adventure
29,MultiVersus,Action,Fantasy,Sci-Fi
30,Ben 10: Race Against Time,Action,Adventure,Family
31,The Colony,Action,Sci-Fi,Thriller
32,Power Rangers S.P.D.,Action,Adventure,Sci-Fi
33,Alien,Horror,Sci-Fi,Thriller
35,Star Wars: The Force Unleashed,Action,Adventure,Fantasy
36,Destiny 2,Action,Adventure,Fantasy
38,Link Click,Animation,Action,Fantasy
41,Tremors 3: Back to Perfection,Action,Comedy,Horror
43,Fortress,Action,Crime,Sci-Fi
44,Samâ uôzu,Animation,Action,Adventure
45,Lake Placid: The Final Chapter,Action,Adventure,Comedy
46,Lake Placid 3,Action,Adventure,Comedy
47,Prey,Adventure,Drama,Horror
48,Modern Problems,Comedy,Fantasy,Sci-Fi
49,Teen Titans Go! & DC Super Hero Girls: Mayhem in the Multiverse,Animation,Action,Adventure
1,Avengers: Quantum Encounter,Short,Action,Comedy
2,The Adventures of Pluto Nash,Action,Comedy,Sci-Fi
3,Frequency,Drama,Fantasy,Mystery
4,A Trip to the Moon,Short,Action,Adventure
6,Ghoul,Drama,Fantasy,Horror
8,Class of 1999,Action,Horror,Sci-Fi
9,Shazam!,Action,Family,Fantasy
11,The Callisto Protocol,Action,Horror,Sci-Fi
12,Quarantine 2: Terminal,Horror,Sci-Fi,Thriller
13,Viper,Action,Adventure,Crime
14,Mortal Kombat: Conquest,Action,Adventure,Fantasy
15,Mass Effect 3,Action,Adventure,Sci-Fi
16,Fateful Findings,Drama,Fantasy,Mystery
17,Metal Gear Rising: Revengeance,Action,Adventure,Sci-Fi
18,Steel,Action,Adventure,Crime
19,Jin-Rô,Animation,Action,Drama
20,Spawn,Action,Adventure,Drama
21,First Wave,Adventure,Drama,Mystery
22,Thor: God of Thunder,Action,Adventure,Fantasy
25,Extant,Drama,Sci-Fi,Thriller
27,Mænd & høns,Comedy,Drama,Mystery
28,Escape from Tomorrow,Drama,Fantasy,Horror
30,Extraterrestrial,Action,Horror,Mystery
32,Leprechaun 4: In Space,Comedy,Fantasy,Horror
33,X,Horror,Sci-Fi,Thriller
34,Star-Crossed,Drama,Romance,Sci-Fi
35,Unbreakable Kimmy Schmidt: Kimmy vs the Reverend,Adventure,Comedy,Mystery
36,Aquarium of the Dead,Action,Comedy,Horror
38,Freejack,Action,Crime,Sci-Fi
39,Godsend,Action,Drama,Fantasy
41,FLCL,Animation,Action,Comedy
42,I'm OK,Adventure,Drama,Sci-Fi
43,The Event,Crime,Drama,Mystery
44,Robot Jox,Action,Sci-Fi,Thriller
45,Koi wa Sekai Seifuku no Ato de,Animation,Action,Comedy
46,Il ragazzo invisibile,Action,Adventure,Comedy
47,Batman: Assault on Arkham,Animation,Action,Adventure
48,Gantz,Animation,Action,Drama
49,Screamers,Horror,Sci-Fi,Thriller
